"","orig.ident","nCount_WF","nFeature_WF","cType","area.cType$X3"
"1","SeuratProject",0.371599392127473,36,"PV","HIP_PV"
"2","SeuratProject",0.524244141509826,35,"PV","HIP_PV"
"3","SeuratProject",0.422963018570671,38,"PV","HIP_PV"
"4","SeuratProject",0.285596441189075,36,"PV","HIP_PV"
"5","SeuratProject",0.395509866571571,36,"PV","HIP_PV"
"6","SeuratProject",0.522159690865898,37,"PV","HIP_PV"
"7","SeuratProject",0.425146143840466,36,"PV","HIP_PV"
"8","SeuratProject",0.222352175256872,35,"PV","HIP_PV"
"9","SeuratProject",0.22724765931532,33,"PV","HIP_PV"
"10","SeuratProject",0.255185851394554,35,"PV","HIP_PV"
"11","SeuratProject",0.366380075975552,36,"PV","HIP_PV"
"12","SeuratProject",0.389894516078144,39,"PV","HIP_PV"
"13","SeuratProject",0.268991240321106,39,"PV","HIP_PV"
"14","SeuratProject",0.338413613264939,35,"PV","HIP_PV"
"15","SeuratProject",0.415357660362353,39,"PV","HIP_PV"
"16","SeuratProject",0.312934601118388,34,"PV","HIP_PV"
"17","SeuratProject",0.955174288407145,37,"PV","HIP_PV"
"18","SeuratProject",0.489424336934743,36,"PV","HIP_PV"
"19","SeuratProject",0.494122345182124,38,"PV","HIP_PV"
"20","SeuratProject",0.364329251951005,34,"PV","HIP_PV"
"21","SeuratProject",0.482661897145077,38,"PV","HIP_PV"
"22","SeuratProject",0.296102726881371,35,"PV","HIP_PV"
"23","SeuratProject",0.090350929723843,34,"PV","HIP_PV"
"24","SeuratProject",0.433341850448605,36,"PV","HIP_PV"
"25","SeuratProject",0.196615802131793,34,"PV","HIP_PV"
"26","SeuratProject",0.302748235551003,36,"PV","HIP_PV"
"27","SeuratProject",0.408157631068451,37,"PV","VIS_PV"
"28","SeuratProject",0.408157631068451,37,"PV","VIS_PV"
"29","SeuratProject",-0.336748556713623,34,"PV","VIS_PV"
"30","SeuratProject",0.331564515628572,34,"PV","VIS_PV"
"31","SeuratProject",0.366868202301204,36,"PV","VIS_PV"
"32","SeuratProject",0.339640271598807,39,"PV","VIS_PV"
"33","SeuratProject",0.242765178109066,37,"PV","VIS_PV"
"34","SeuratProject",0.49123140632592,37,"PV","VIS_PV"
"35","SeuratProject",0.213823275661041,37,"PV","VIS_PV"
"36","SeuratProject",0.196440826338792,33,"VGAT","VIS_VGAT"
"37","SeuratProject",0.464955799488855,35,"VGAT","VIS_VGAT"
"38","SeuratProject",-0.285057013779324,31,"VGAT","VIS_VGAT"
"39","SeuratProject",0.312789205630001,35,"VGAT","VIS_VGAT"
"40","SeuratProject",0.497038979243874,36,"VGAT","VIS_VGAT"
"41","SeuratProject",0.265191580427716,34,"VGAT","VIS_VGAT"
"42","SeuratProject",0.474131502178745,36,"VGAT","VIS_VGAT"
"43","SeuratProject",-0.05398000890872,36,"VGAT","VIS_VGAT"
"44","SeuratProject",0.548952427434751,34,"VGAT","VIS_VGAT"
"45","SeuratProject",0.390020426440667,37,"VGAT","VIS_VGAT"
"46","SeuratProject",0.221860542516945,37,"VGAT","VIS_VGAT"
"47","SeuratProject",0.371949680135893,34,"VGAT","VIS_VGAT"
"48","SeuratProject",-0.413457385800652,31,"VGAT","VIS_VGAT"
"49","SeuratProject",0.305729554138649,39,"PV","VIS_PV"
"50","SeuratProject",0.368432009952035,37,"PV","VIS_PV"
"51","SeuratProject",0.341935822895494,36,"PV","VIS_PV"
"52","SeuratProject",0.132962374600479,36,"PV","VIS_PV"
"53","SeuratProject",0.248144214398048,37,"PV","VIS_PV"
"54","SeuratProject",0.0947286224264984,34,"PV","VIS_PV"
"55","SeuratProject",0.367801895983413,36,"PV","VIS_PV"
"56","SeuratProject",-0.291332278137931,36,"PV","VIS_PV"
"57","SeuratProject",0.0638325002324061,35,"PV","VIS_PV"
"58","SeuratProject",0.601140176995001,35,"PV","VIS_PV"
"59","SeuratProject",-0.263616811570783,35,"PV","VIS_PV"
"60","SeuratProject",-1.70282492270427,28,"PV","VIS_PV"
"61","SeuratProject",-1.97677781990637,25,"PV","VIS_PV"
"62","SeuratProject",0.501097545464394,35,"PV","VIS_PV"
"63","SeuratProject",0.595341428505551,34,"PV","VIS_PV"
"64","SeuratProject",-0.341558321851765,36,"PV","VIS_PV"
"65","SeuratProject",0.327086259537672,37,"PV","VIS_PV"
"66","SeuratProject",0.485114017555505,35,"PV","VIS_PV"
"67","SeuratProject",0.153639737327527,36,"PV","VIS_PV"
"68","SeuratProject",0.15849991467418,34,"PV","VIS_PV"
"69","SeuratProject",-0.376380821053773,33,"PV","VIS_PV"
"70","SeuratProject",0.453308837869052,36,"PV","VIS_PV"
"71","SeuratProject",0.36768430876795,35,"PV","VIS_PV"
"72","SeuratProject",0.041939048899468,36,"PV","VIS_PV"
"73","SeuratProject",0.453648212509845,36,"PV","VIS_PV"
"74","SeuratProject",0.41322819791161,36,"PV","VIS_PV"
"75","SeuratProject",0.370080142742548,37,"PV","VIS_PV"
"76","SeuratProject",0.280590674143102,39,"PV","VIS_PV"
"77","SeuratProject",0.252741306109935,38,"PV","VIS_PV"
"78","SeuratProject",-0.202343133515707,39,"PV","VIS_PV"
"79","SeuratProject",-0.450309516147176,36,"PV","VIS_PV"
"80","SeuratProject",0.33109983465345,37,"PV","VIS_PV"
"81","SeuratProject",0.502203272594421,37,"PV","VIS_PV"
"82","SeuratProject",0.341231640888355,36,"PV","VIS_PV"
"83","SeuratProject",0.247560655702396,38,"PV","VIS_PV"
"84","SeuratProject",0.2921937248867,36,"PV","VIS_PV"
"85","SeuratProject",0.254779291740478,38,"PV","VIS_PV"
"86","SeuratProject",-0.387661604026199,31,"PV","VIS_PV"
"87","SeuratProject",0.340528346827817,34,"PV","VIS_PV"
"88","SeuratProject",0.299336549957557,35,"PV","VIS_PV"
"89","SeuratProject",0.338084071108046,38,"PV","VIS_PV"
"90","SeuratProject",0.535301478888645,32,"PV","VIS_PV"
"91","SeuratProject",0.0749258690334563,34,"PV","VIS_PV"
"92","SeuratProject",0.349766506692785,37,"PV","VIS_PV"
"93","SeuratProject",-0.408931714837356,31,"PV","VIS_PV"
"94","SeuratProject",0.411787372566736,38,"PV","VIS_PV"
"95","SeuratProject",0.417000184240203,38,"PV","VIS_PV"
"96","SeuratProject",-0.162053268624534,35,"PV","VIS_PV"
"97","SeuratProject",0.307797342252879,36,"PV","VIS_PV"
"98","SeuratProject",0.3901053694091,35,"PV","VIS_PV"
"99","SeuratProject",-0.329043851199567,30,"PV","VIS_PV"
"100","SeuratProject",0.228201461493059,37,"PV","VIS_PV"
"101","SeuratProject",0.558633339639089,36,"PV","VIS_PV"
"102","SeuratProject",0.37285261685043,34,"PV","VIS_PV"
"103","SeuratProject",0.402523590765443,36,"PV","VIS_PV"
"104","SeuratProject",0.389314789768953,32,"PV","VIS_PV"
"105","SeuratProject",0.367194858466922,38,"PV","VIS_PV"
"106","SeuratProject",0.39747031964756,34,"PV","VIS_PV"
"107","SeuratProject",0.588986552068384,35,"PV","VIS_PV"
"108","SeuratProject",-1.44468490839858,31,"Juxt","HIP_Juxt"
"109","SeuratProject",0.208715326034987,29,"Juxt","HIP_Juxt"
"110","SeuratProject",-1.58996758022169,26,"Juxt","HIP_Juxt"
"111","SeuratProject",-1.22739955975841,27,"Juxt","HIP_Juxt"
"112","SeuratProject",-1.67021109172975,28,"Juxt","HIP_Juxt"
"113","SeuratProject",-3.33394689989048,23,"Juxt","HIP_Juxt"
"114","SeuratProject",-1.03368280829319,27,"Juxt","HIP_Juxt"
"115","SeuratProject",-0.87923430999264,27,"Juxt","HIP_Juxt"
"116","SeuratProject",0.109721261128521,33,"Juxt","HIP_Juxt"
"117","SeuratProject",-0.695073885044286,32,"Juxt","HIP_Juxt"
"118","SeuratProject",0.116579109542527,33,"Juxt","HIP_Juxt"
"119","SeuratProject",-0.3040272266058,34,"Juxt","HIP_Juxt"
"120","SeuratProject",-0.782288028336367,31,"Juxt","HIP_Juxt"
"121","SeuratProject",-1.68017002428662,25,"Juxt","HIP_Juxt"
"122","SeuratProject",-0.114521933353433,29,"Juxt","HIP_Juxt"
"123","SeuratProject",-0.892856781977331,26,"Juxt","HIP_Juxt"
"124","SeuratProject",-0.649733276466768,27,"Juxt","HIP_Juxt"
"125","SeuratProject",-1.2136141123165,26,"Juxt","HIP_Juxt"
"126","SeuratProject",-1.15330055615585,32,"Juxt","HIP_Juxt"
"127","SeuratProject",1.00065579494355,35,"Juxt","HIP_Juxt"
"128","SeuratProject",0.526161251545099,34,"Juxt","HIP_Juxt"
"129","SeuratProject",0.364017415115658,33,"Juxt","HIP_Juxt"
"130","SeuratProject",0.124876348576145,35,"Juxt","HIP_Juxt"
"131","SeuratProject",-0.907350573491997,29,"Pyra","VIS_Pyra"
"132","SeuratProject",-0.749961022126326,30,"Pyra","VIS_Pyra"
"133","SeuratProject",-0.706380620689162,32,"Pyra","VIS_Pyra"
"134","SeuratProject",-0.67178209429326,31,"Pyra","VIS_Pyra"
"135","SeuratProject",0.421452772874973,30,"Pyra","VIS_Pyra"
"136","SeuratProject",-0.893739630314875,28,"Pyra","VIS_Pyra"
"137","SeuratProject",-0.772676320942126,30,"Pyra","VIS_Pyra"
"138","SeuratProject",-0.629966344042119,27,"Pyra","VIS_Pyra"
"139","SeuratProject",-0.179607150307966,31,"Pyra","VIS_Pyra"
"140","SeuratProject",-0.807064462401773,29,"Pyra","VIS_Pyra"
"141","SeuratProject",-0.179888331984194,31,"Pyra","VIS_Pyra"
"142","SeuratProject",-0.542329942093245,31,"Pyra","VIS_Pyra"
"143","SeuratProject",-0.451707825096155,29,"Pyra","VIS_Pyra"
"144","SeuratProject",-0.949727020153858,28,"Pyra","VIS_Pyra"
"145","SeuratProject",-0.729807223263281,32,"Pyra","VIS_Pyra"
"146","SeuratProject",-1.20110372739623,29,"Pyra","VIS_Pyra"
"147","SeuratProject",-0.826437273653718,31,"Pyra","VIS_Pyra"
"148","SeuratProject",-0.510810405322842,30,"Pyra","VIS_Pyra"
"149","SeuratProject",-0.667110520793462,31,"Pyra","VIS_Pyra"
"150","SeuratProject",-0.24894412831981,33,"Pyra","VIS_Pyra"
"151","SeuratProject",-0.400704058130998,31,"Pyra","VIS_Pyra"
"152","SeuratProject",-0.313091124562171,34,"Pyra","VIS_Pyra"
"153","SeuratProject",0.0954716893051265,30,"Pyra","VIS_Pyra"
"154","SeuratProject",-0.510040596447284,29,"Pyra","VIS_Pyra"
"155","SeuratProject",-0.342769825970031,30,"Pyra","VIS_Pyra"
"156","SeuratProject",-0.468737739790587,30,"Pyra","VIS_Pyra"
"157","SeuratProject",-0.204740816027613,32,"Pyra","VIS_Pyra"
"158","SeuratProject",-0.301165007786499,31,"Pyra","VIS_Pyra"
"159","SeuratProject",-0.7624312053228,31,"Pyra","VIS_Pyra"
"160","SeuratProject",-0.984480627414657,31,"Pyra","VIS_Pyra"
"161","SeuratProject",0.24709751094226,33,"Pyra","VIS_Pyra"
"162","SeuratProject",-0.851900382512386,29,"Pyra","VIS_Pyra"
"163","SeuratProject",-0.494463679875297,30,"Pyra","VIS_Pyra"
"164","SeuratProject",-0.758003839257879,32,"Pyra","VIS_Pyra"
"165","SeuratProject",-0.56908528381635,31,"Pyra","VIS_Pyra"
"166","SeuratProject",-0.629207482652816,31,"Pyra","VIS_Pyra"
"167","SeuratProject",0.131356795943661,31,"Pyra","VIS_Pyra"
"168","SeuratProject",-0.513244484801189,30,"Pyra","VIS_Pyra"
"169","SeuratProject",-0.338360968738052,34,"Pyra","VIS_Pyra"
"170","SeuratProject",-0.540859491950482,34,"Pyra","VIS_Pyra"
"171","SeuratProject",-0.671426349598871,30,"Pyra","VIS_Pyra"
"172","SeuratProject",-0.645554262005801,29,"Pyra","VIS_Pyra"
"173","SeuratProject",-0.438147139856625,32,"Pyra","VIS_Pyra"
"174","SeuratProject",-0.560849322152848,29,"Pyra","VIS_Pyra"
"175","SeuratProject",0.434960979633345,38,"Axo_","HIP_Axo_"
"176","SeuratProject",0.723406405938863,34,"Axo_","HIP_Axo_"
"177","SeuratProject",0.601298497952142,38,"Axo_","HIP_Axo_"
"178","SeuratProject",-0.00901422057646664,34,"Axo_","HIP_Axo_"
"179","SeuratProject",0.423253866393861,37,"Axo_","HIP_Axo_"
"180","SeuratProject",0.212952086724884,36,"Axo_","HIP_Axo_"
"181","SeuratProject",0.88407728027284,33,"Axo_","HIP_Axo_"
"182","SeuratProject",0.743928382501748,34,"Axo_","HIP_Axo_"
"183","SeuratProject",0.520978936584774,34,"Axo_","HIP_Axo_"
"184","SeuratProject",0.64775414490449,33,"Axo_","HIP_Axo_"
"185","SeuratProject",0.337775256937615,38,"Axo_","HIP_Axo_"
"186","SeuratProject",0.638134929508516,32,"Axo_","HIP_Axo_"
"187","SeuratProject",0.584433167424091,35,"Axo_","HIP_Axo_"
"188","SeuratProject",0.70111144618048,36,"Axo_","HIP_Axo_"
"189","SeuratProject",-0.0339173647626071,35,"Axo_","HIP_Axo_"
"190","SeuratProject",0.486899616658564,37,"Axo_","HIP_Axo_"
"191","SeuratProject",0.559607584385545,39,"Axo_","HIP_Axo_"
"192","SeuratProject",0.214763100385433,37,"Axo_","HIP_Axo_"
"193","SeuratProject",0.0872923526418217,36,"Axo_","HIP_Axo_"
"194","SeuratProject",0.294265327719475,38,"Axo_","HIP_Axo_"
"195","SeuratProject",0.506940114718245,37,"Axo_","HIP_Axo_"
"196","SeuratProject",-0.0883689128711986,30,"Axo_","HIP_Axo_"
"197","SeuratProject",0.0432853440360683,36,"Axo_","HIP_Axo_"
"198","SeuratProject",0.645016259447673,35,"Axo_","HIP_Axo_"
"199","SeuratProject",0.45637056160786,36,"Axo_","HIP_Axo_"
"200","SeuratProject",0.0638814434661258,29,"Axo_","HIP_Axo_"
"201","SeuratProject",0.43312231133569,38,"Axo_","HIP_Axo_"
"202","SeuratProject",0.406392076830471,38,"Axo_","HIP_Axo_"
"203","SeuratProject",0.519998503417435,37,"Axo_","HIP_Axo_"
"204","SeuratProject",0.380601247887343,38,"Axo_","HIP_Axo_"
"205","SeuratProject",0.317105026581121,38,"Axo_","HIP_Axo_"
"206","SeuratProject",0.519174752543689,37,"Axo_","HIP_Axo_"
"207","SeuratProject",0.0883871144657644,36,"Axo_","HIP_Axo_"
"208","SeuratProject",0.569746505713293,34,"Axo_","HIP_Axo_"
"209","SeuratProject",0.354334041761215,37,"Axo_","HIP_Axo_"
"210","SeuratProject",2.34507936630389,33,"SST","VIS_SST"
"211","SeuratProject",2.09523989596679,35,"SST","VIS_SST"
"212","SeuratProject",2.10574607692516,35,"SST","VIS_SST"
"213","SeuratProject",1.62884134409078,37,"SST","HIP_SST"
"214","SeuratProject",1.58238666064608,35,"SST","HIP_SST"
"215","SeuratProject",1.45818964557694,34,"PV","VIS_PV"
"216","SeuratProject",1.63683349317549,36,"PV","VIS_PV"
"217","SeuratProject",0.745006409440935,31,"PV","VIS_PV"
"218","SeuratProject",1.07560781823022,33,"PV","VIS_PV"
"219","SeuratProject",1.13425594587178,35,"PV","VIS_PV"
"220","SeuratProject",0.961484680460306,34,"PV","HIP_PV"
"221","SeuratProject",1.30799111511101,33,"PV","HIP_PV"
"222","SeuratProject",1.57172957244141,37,"VIP","VIS_VIP"
"223","SeuratProject",1.25193441127062,38,"VIP","VIS_VIP"
"224","SeuratProject",1.88233013810744,34,"VIP","VIS_VIP"
"225","SeuratProject",1.76041057326812,35,"SST","VIS_SST"
"226","SeuratProject",1.65013214742048,37,"SST","VIS_SST"
"227","SeuratProject",1.9759015168371,31,"SST","VIS_SST"
"228","SeuratProject",2.1860454589323,35,"SST","VIS_SST"
"229","SeuratProject",1.80609413362822,34,"PV","HIP_PV"
"230","SeuratProject",1.71347448727189,36,"SST","VIS_SST"
"231","SeuratProject",1.54190804497012,38,"SST","VIS_SST"
"232","SeuratProject",1.81015254185993,34,"SST","VIS_SST"
"233","SeuratProject",-5.65990794425826,21,"SST","VIS_SST"
"234","SeuratProject",2.24970624393942,32,"SST","VIS_SST"
"235","SeuratProject",2.03100221339474,33,"SST","VIS_SST"
"236","SeuratProject",1.76488854250517,37,"SST","VIS_SST"
"237","SeuratProject",1.4893028110244,35,"SST","VIS_SST"
"238","SeuratProject",2.01679643765611,34,"SST","VIS_SST"
"239","SeuratProject",1.68483845552836,36,"SST","VIS_SST"
"240","SeuratProject",1.25258434586482,32,"SST","VIS_SST"
"241","SeuratProject",2.2484602459799,33,"SST","VIS_SST"
"242","SeuratProject",2.00663566588898,33,"SST","VIS_SST"
"243","SeuratProject",1.84481434170735,33,"SST","VIS_SST"
"244","SeuratProject",0.901426594663962,31,"SST","VIS_SST"
"245","SeuratProject",1.58498073501033,37,"SST","VIS_SST"
"246","SeuratProject",2.03380242392803,35,"SST","HIP_SST"
"247","SeuratProject",1.91412961693107,36,"SST","VIS_SST"
"248","SeuratProject",1.40796529575985,37,"SST","VIS_SST"
"249","SeuratProject",1.46496074140504,32,"SST","VIS_SST"
"250","SeuratProject",2.25025517546852,35,"SST","VIS_SST"
"251","SeuratProject",1.08671846521361,34,"SST","VIS_SST"
"252","SeuratProject",0.00561972332388538,32,"SST","VIS_SST"
"253","SeuratProject",1.40214364354315,37,"SST","HIP_SST"
"254","SeuratProject",0.837272722686855,38,"SST","VIS_SST"
"255","SeuratProject",0.964819529635276,37,"SST","HIP_SST"
"256","SeuratProject",1.75530203968842,34,"VIP","HIP_VIP"
"257","SeuratProject",1.62062752628644,34,"VIP","VIS_VIP"
"258","SeuratProject",1.55028135155865,37,"VIP","VIS_VIP"
"259","SeuratProject",2.00900993035867,35,"VIP","VIS_VIP"
"260","SeuratProject",1.71273994501944,37,"SST","VIS_SST"
"261","SeuratProject",1.89502514123832,35,"SST","VIS_SST"
"262","SeuratProject",1.70678916010403,37,"SST","VIS_SST"
"263","SeuratProject",1.95850180074932,35,"SST","VIS_SST"
"264","SeuratProject",1.64687563333012,35,"SST","VIS_SST"
"265","SeuratProject",1.42737937525562,33,"SST","VIS_SST"
"266","SeuratProject",0.647807786333778,32,"SST","VIS_SST"
"267","SeuratProject",0.650814725749543,34,"SST","VIS_SST"
"268","SeuratProject",1.60080317926727,36,"SST","VIS_SST"
"269","SeuratProject",1.06555523632302,36,"SST","VIS_SST"
"270","SeuratProject",1.60587628010231,34,"SST","VIS_SST"
"271","SeuratProject",1.71486118612552,36,"SST","VIS_SST"
"272","SeuratProject",1.82588537670712,33,"SST","VIS_SST"
"273","SeuratProject",1.60296104703099,34,"SST","VIS_SST"
"274","SeuratProject",1.63091908347408,35,"SST","VIS_SST"
"275","SeuratProject",2.11894816379922,34,"SST","VIS_SST"
"276","SeuratProject",1.49051769765953,33,"SST","VIS_SST"
"277","SeuratProject",1.91964122775476,34,"SST","VIS_SST"
"278","SeuratProject",2.57289633513239,34,"SST","VIS_SST"
"279","SeuratProject",1.3152733966051,37,"SST","VIS_SST"
"280","SeuratProject",1.32594310246303,36,"SST","VIS_SST"
"281","SeuratProject",1.12460888305508,35,"SST","VIS_SST"
"282","SeuratProject",1.85239832842006,37,"SST","VIS_SST"
"283","SeuratProject",1.65046115399747,37,"SST","VIS_SST"
"284","SeuratProject",1.94471965483303,35,"SST","VIS_SST"
"285","SeuratProject",1.80681529158996,35,"SST","VIS_SST"
"286","SeuratProject",-0.982188412568062,23,"SST","VIS_SST"
"287","SeuratProject",1.81781334472088,36,"SST","HIP_SST"
"288","SeuratProject",1.9237066701124,35,"SST","VIS_SST"
"289","SeuratProject",1.94889096965417,35,"SST","VIS_SST"
"290","SeuratProject",1.28579110426447,37,"SST","VIS_SST"
"291","SeuratProject",1.469154411884,36,"SST","HIP_SST"
"292","SeuratProject",1.73455535978194,38,"SST","VIS_SST"
"293","SeuratProject",1.78186506245615,36,"SST","VIS_SST"
"294","SeuratProject",1.92224383817312,36,"SST","VIS_SST"
"295","SeuratProject",1.56093909106397,37,"PV","HIP_PV"
"296","SeuratProject",1.76207826597779,36,"PV","HIP_PV"
"297","SeuratProject",1.57851066356131,35,"PV","HIP_PV"
"298","SeuratProject",1.56463441973952,36,"PV","HIP_PV"
"299","SeuratProject",1.48975850556722,35,"PV","HIP_PV"
"300","SeuratProject",1.34701849887344,35,"PV","HIP_PV"
"301","SeuratProject",1.45832735285777,35,"PV","HIP_PV"
"302","SeuratProject",1.6385275543836,33,"PV","HIP_PV"
"303","SeuratProject",1.74858359290512,35,"PV","VIS_PV"
"304","SeuratProject",1.31385040705517,35,"PV","VIS_PV"
"305","SeuratProject",0.906987419715675,34,"PV","VIS_PV"
"306","SeuratProject",1.33508572177322,37,"PV","VIS_PV"
"307","SeuratProject",1.13501966386669,31,"PV","VIS_PV"
"308","SeuratProject",1.13403403887013,33,"PV","VIS_PV"
"309","SeuratProject",0.728718480410485,35,"PV","VIS_PV"
"310","SeuratProject",1.51163386218138,34,"PV","VIS_PV"
"311","SeuratProject",1.78219373029783,34,"PV","VIS_PV"
"312","SeuratProject",0.966968640258303,29,"PV","VIS_PV"
"313","SeuratProject",2.08397457291388,33,"PV","VIS_PV"
"314","SeuratProject",0.933240645832438,36,"PV","HIP_PV"
"315","SeuratProject",1.02917980151264,37,"PV","HIP_PV"
"316","SeuratProject",1.68116849894573,35,"PV","HIP_PV"
"317","SeuratProject",1.3964196238317,35,"PV","VIS_PV"
"318","SeuratProject",1.62894245741583,35,"PV","VIS_PV"
"319","SeuratProject",0.839296274295127,32,"PV","VIS_PV"
"320","SeuratProject",1.15348494614451,35,"PV","VIS_PV"
"321","SeuratProject",0.65792685536675,36,"PV","VIS_PV"
"322","SeuratProject",1.01792436199358,37,"VIP","VIS_VIP"
"323","SeuratProject",1.37705856143008,35,"VIP","VIS_VIP"
"324","SeuratProject",1.566995463589,33,"VIP","VIS_VIP"
"325","SeuratProject",1.21538346050158,33,"VIP","VIS_VIP"
"326","SeuratProject",0.59155963587733,33,"VIP","VIS_VIP"
"327","SeuratProject",1.0846660807906,35,"VIP","VIS_VIP"
"328","SeuratProject",-2.19403445829722,14,"SST","VIS_SST"
"329","SeuratProject",1.69922154290027,37,"SST","VIS_SST"
"330","SeuratProject",2.08373521686377,34,"SST","VIS_SST"
"331","SeuratProject",1.96851355464987,35,"SST","VIS_SST"
"332","SeuratProject",1.93737785641058,33,"SST","VIS_SST"
"333","SeuratProject",1.4947986036996,35,"SST","VIS_SST"
"334","SeuratProject",1.77122943018364,34,"SST","VIS_SST"
"335","SeuratProject",1.91537758542444,33,"SST","VIS_SST"
"336","SeuratProject",2.29428054952453,34,"SST","VIS_SST"
"337","SeuratProject",1.5267605826602,37,"SST","VIS_SST"
"338","SeuratProject",1.8988896469319,34,"SST","VIS_SST"
"339","SeuratProject",1.4042388646216,32,"SST","VIS_SST"
"340","SeuratProject",1.09743056233554,30,"SST","VIS_SST"
"341","SeuratProject",1.7467438536076,37,"SST","VIS_SST"
"342","SeuratProject",2.27946003154008,36,"SST","VIS_SST"
"343","SeuratProject",1.2182041328317,34,"SST","VIS_SST"
"344","SeuratProject",1.58358735275876,37,"SST","VIS_SST"
"345","SeuratProject",1.41507343592555,37,"SST","VIS_SST"
"346","SeuratProject",1.65244839836356,35,"SST","VIS_SST"
"347","SeuratProject",1.94298329388451,35,"SST","VIS_SST"
"348","SeuratProject",1.51473617979529,37,"SST","VIS_SST"
"349","SeuratProject",1.88516782489573,36,"SST","VIS_SST"
"350","SeuratProject",2.21555706633881,32,"SST","VIS_SST"
"351","SeuratProject",2.05125230993009,35,"SST","VIS_SST"
"352","SeuratProject",2.20727502574519,34,"SST","VIS_SST"
"353","SeuratProject",1.48192671071649,36,"VIP","HIP_VIP"
"354","SeuratProject",1.77867234254744,35,"SST","VIS_SST"
"355","SeuratProject",1.60789179359979,35,"SST","VIS_SST"
"356","SeuratProject",1.95253792346328,33,"SST","VIS_SST"
"357","SeuratProject",1.53540016590686,35,"SST","VIS_SST"
"358","SeuratProject",1.72215081045987,33,"SST","VIS_SST"
"359","SeuratProject",1.24901655210276,34,"SST","VIS_SST"
"360","SeuratProject",2.09499018440356,33,"SST","VIS_SST"
"361","SeuratProject",2.08662095922456,35,"SST","VIS_SST"
"362","SeuratProject",1.23786654199373,37,"SST","VIS_SST"
"363","SeuratProject",1.5737741774452,37,"SST","VIS_SST"
"364","SeuratProject",1.76775705265554,35,"SST","HIP_SST"
"365","SeuratProject",1.63988348605733,35,"SST","VIS_SST"
"366","SeuratProject",1.0772185627088,37,"SST","VIS_SST"
"367","SeuratProject",1.59921695565406,36,"SST","VIS_SST"
"368","SeuratProject",1.04936034117747,36,"SST","VIS_SST"
"369","SeuratProject",1.4956803066182,36,"SST","VIS_SST"
"370","SeuratProject",1.80331045960097,35,"SST","VIS_SST"
"371","SeuratProject",1.76895726694335,35,"SST","VIS_SST"
"372","SeuratProject",1.24389224470246,37,"SST","VIS_SST"
"373","SeuratProject",2.08875412175056,33,"SST","VIS_SST"
"374","SeuratProject",1.66294991487678,34,"PV","VIS_PV"
"375","SeuratProject",1.74516044656793,34,"PV","VIS_PV"
"376","SeuratProject",1.60499287377204,32,"PV","VIS_PV"
"377","SeuratProject",1.17553082093841,34,"PV","VIS_PV"
"378","SeuratProject",1.30824452581711,36,"PV","VIS_PV"
"379","SeuratProject",1.30576990088394,37,"PV","VIS_PV"
"380","SeuratProject",1.76528455858334,35,"PV","VIS_PV"
"381","SeuratProject",1.88255824942906,34,"PV","VIS_PV"
"382","SeuratProject",1.72365334538682,35,"PV","VIS_PV"
"383","SeuratProject",1.55432347796957,37,"PV","VIS_PV"
"384","SeuratProject",1.87411532539978,37,"PV","VIS_PV"
"385","SeuratProject",0.727594830079674,35,"PV","VIS_PV"
"386","SeuratProject",1.64188857134928,36,"PV","VIS_PV"
"387","SeuratProject",1.30209184711211,34,"PV","VIS_PV"
"388","SeuratProject",1.95457118162428,36,"PV","VIS_PV"
"389","SeuratProject",1.35945275950914,32,"PV","VIS_PV"
"390","SeuratProject",1.44655903989301,34,"PV","VIS_PV"
"391","SeuratProject",0.60699803334251,33,"PV","VIS_PV"
"392","SeuratProject",0.941616928577629,33,"PV","VIS_PV"
"393","SeuratProject",1.28144517937662,35,"PV","VIS_PV"
"394","SeuratProject",1.56179147893646,35,"PV","VIS_PV"
"395","SeuratProject",1.45275903068927,36,"PV","VIS_PV"
"396","SeuratProject",1.96365885809245,35,"PV","HIP_PV"
"397","SeuratProject",2.05069123481001,36,"PV","HIP_PV"
"398","SeuratProject",2.02676856791935,35,"PV","VIS_PV"
"399","SeuratProject",1.60602096472765,35,"PV","VIS_PV"
"400","SeuratProject",2.0263097565033,34,"PV","VIS_PV"
"401","SeuratProject",1.05000800008415,34,"PV","VIS_PV"
"402","SeuratProject",1.7699568371932,36,"PV","VIS_PV"
"403","SeuratProject",1.10382193025402,34,"PV","VIS_PV"
"404","SeuratProject",1.65988762799416,32,"PV","VIS_PV"
"405","SeuratProject",1.19468604512567,33,"PV","VIS_PV"
"406","SeuratProject",1.86202591356663,36,"PV","VIS_PV"
"407","SeuratProject",1.68351743044359,35,"PV","VIS_PV"
"408","SeuratProject",1.63137377349998,34,"PV","VIS_PV"
"409","SeuratProject",1.66173620835711,33,"PV","VIS_PV"
"410","SeuratProject",1.05319963238705,32,"PV","VIS_PV"
"411","SeuratProject",1.57645806189327,35,"PV","VIS_PV"
"412","SeuratProject",1.16398820843688,33,"PV","VIS_PV"
"413","SeuratProject",0.790738410430973,34,"PV","VIS_PV"
"414","SeuratProject",1.66475465013232,35,"PV","VIS_PV"
"415","SeuratProject",1.80219400891468,35,"PV","VIS_PV"
"416","SeuratProject",1.01991922539384,37,"PV","VIS_PV"
"417","SeuratProject",1.62320969397862,38,"PV","HIP_PV"
"418","SeuratProject",2.02843556711571,35,"PV","HIP_PV"
"419","SeuratProject",1.44804861196767,34,"PV","VIS_PV"
"420","SeuratProject",1.51974125947736,33,"PV","VIS_PV"
"421","SeuratProject",1.16266901820072,34,"PV","VIS_PV"
"422","SeuratProject",1.34778115135015,35,"PV","VIS_PV"
"423","SeuratProject",1.09909075192821,36,"PV","HIP_PV"
"424","SeuratProject",1.65886296724833,36,"PV","VIS_PV"
"425","SeuratProject",1.80290951499729,34,"PV","VIS_PV"
"426","SeuratProject",1.65813644221848,33,"PV","VIS_PV"
"427","SeuratProject",1.27555863773278,35,"PV","VIS_PV"
"428","SeuratProject",1.45218401638593,34,"PV","HIP_PV"
"429","SeuratProject",1.50423649564926,36,"PV","VIS_PV"
"430","SeuratProject",1.84808582530782,34,"PV","VIS_PV"
