,pred,true
0,DG,DG
1,CA1,CA1
2,VISpm,VISpm
3,grey,grey
4,VISl,VISl
5,grey,grey
6,VISp,VISp
7,CA1,CA1
8,CA1,CA1
9,VISrl,VISrl
10,VISp,VISp
11,VISp,VISp
12,SUB,SUB
13,VISam,VISam
14,CA1,CA1
15,VISal,VISal
16,DG,DG
17,DG,DG
18,CA1,CA1
19,CA3,CA3
20,LGd,LGd
21,VISal,VISal
22,grey,grey
23,VISl,VISl
24,VISl,VISl
25,VIS,VIS
26,MGm,MGm
27,VISpm,VISpm
28,DG,DG
29,CA1,CA1
30,grey,grey
31,grey,grey
32,CA1,CA1
33,CA1,CA1
34,VISp,VISp
35,grey,grey
36,CA1,CA1
37,DG,DG
38,CA1,CA1
39,APN,APN
40,CA1,CA1
41,PO,PO
42,VISam,VISam
43,DG,DG
44,grey,grey
45,VISal,VISal
46,VISal,VISal
47,VISrl,VISrl
48,VISpm,VISpm
49,VISam,VISam
50,CA1,CA1
51,APN,POL
52,LP,LP
53,grey,grey
54,CA1,CA1
55,VISrl,VISrl
56,VIS,VIS
57,CA1,CA1
58,grey,VISam
59,VISrl,VISrl
60,VISrl,VISrl
61,CA1,CA1
62,LP,LP
63,VISpm,VISpm
64,APN,APN
65,CA3,CA3
66,grey,grey
67,CA3,CA3
68,CA1,CA1
69,CA1,CA1
70,DG,DG
71,VISrl,VISrl
72,SUB,SUB
73,CA1,CA1
74,VISal,VISal
75,VISp,VISp
76,VISp,VISp
77,CA1,CA1
78,VISpm,VISpm
79,grey,grey
80,SUB,SUB
81,CA1,CA1
82,VISp,VISp
83,grey,grey
84,VISl,VISl
85,LP,LP
86,grey,grey
87,APN,APN
88,VISli,VISli
89,grey,grey
90,VISpm,VISpm
91,CA3,CA3
92,VISal,VISal
93,LGd,LGd
94,grey,grey
95,LGd,LGd
96,CA3,CA3
97,LGd,LGd
98,SUB,SUB
99,VIS,VIS
100,grey,grey
101,grey,grey
102,ProS,ProS
103,POL,POL
104,CA1,CA1
105,MB,MB
106,SUB,SUB
107,DG,DG
108,CA1,CA1
109,DG,DG
110,VISam,VISam
111,VISp,VISp
112,SGN,SGN
113,VISrl,VISrl
114,CA1,CA1
115,APN,APN
116,grey,grey
117,grey,grey
118,CA1,CA1
119,grey,grey
120,grey,grey
121,VISal,VISal
122,MGv,MGv
123,VISp,VISp
124,VISal,VISal
125,CA1,LP
126,LGd,LGd
127,VISpm,VISpm
128,VISp,VISp
129,LGd,LGd
130,SUB,SUB
131,ProS,ProS
132,VISrl,VISrl
133,APN,APN
134,CA1,CA1
135,VISp,VISp
136,VISl,VISl
137,VISpm,VISpm
138,SGN,SGN
139,CA1,CA1
140,CA1,CA1
141,VISp,VISp
142,VISam,VISam
143,LGd,LGd
144,VISrl,VISrl
145,grey,grey
146,grey,grey
147,CA3,CA3
148,CA1,CA1
149,LGd,LGd
150,grey,grey
151,DG,DG
152,VISp,VISp
153,APN,APN
154,VISp,VISp
155,CA1,CA1
156,MGv,MGv
157,grey,grey
158,VISam,VISam
159,NOT,NOT
160,MB,MB
161,VISal,VISal
162,VISp,VISp
163,VIS,VIS
164,CA1,CA1
165,grey,grey
166,grey,grey
167,DG,DG
168,CA1,CA1
169,CA1,CA1
170,VISam,VISam
171,CA1,CA1
172,SGN,SGN
173,VISrl,VISrl
174,CA1,CA1
175,CA1,CA1
176,VISam,VISam
177,VISpm,VISpm
178,DG,DG
179,CA1,CA1
180,VISrl,VISrl
181,VISmma,VISmma
182,grey,grey
183,DG,DG
184,LGd,LGd
185,APN,APN
186,VIS,VIS
187,grey,grey
188,APN,APN
189,grey,grey
190,DG,DG
191,grey,grey
192,DG,DG
193,Eth,Eth
194,VISal,VISal
195,CA1,CA1
196,grey,grey
197,LP,LP
198,LP,LP
199,DG,DG
200,VISam,VISam
201,LP,LP
202,APN,APN
203,VISam,VISam
204,VISrl,VISrl
205,APN,APN
206,grey,grey
207,VISp,VISp
208,SUB,SUB
209,VISrl,VISrl
210,SUB,SUB
211,APN,VISli
212,DG,DG
213,VISp,VISp
214,VISal,VISal
215,CA1,CA1
216,grey,grey
217,CA1,CA1
218,VISl,VISl
219,SUB,SUB
220,ProS,ProS
221,CA3,CA3
222,DG,DG
223,CA1,CA1
224,CA3,CA3
225,VISpm,VISpm
226,LGd,LGd
227,VISpm,VISpm
228,VISp,VISp
229,CA1,CA1
230,CA1,CA1
231,SUB,SUB
232,VISp,VISp
233,LP,LP
234,grey,grey
235,CA1,CA1
236,PPT,PPT
237,grey,grey
238,VISp,VISp
239,CA1,CA1
240,CA1,CA1
241,CA1,CA1
242,grey,grey
243,VISp,VISp
244,CA1,CA1
245,CA1,CA1
246,VIS,APN
247,VISal,VISal
248,VISpm,VISpm
249,VISp,VISp
250,CA1,CA1
251,LP,LP
252,grey,grey
253,grey,grey
254,VIS,VIS
255,grey,grey
256,VISpm,VISpm
257,VISp,VISp
258,VIS,VIS
259,CA1,CA1
260,VISp,VISp
261,APN,APN
262,VISrl,VISrl
263,VPM,VPM
264,grey,grey
265,grey,grey
266,grey,grey
267,grey,grey
268,SUB,SUB
269,grey,grey
270,DG,DG
271,grey,grey
272,MB,MB
273,NOT,NOT
274,VISal,VISal
275,VIS,VIS
276,grey,grey
277,CA1,CA1
278,VISal,VISal
279,CA1,CA1
280,LP,LP
281,VIS,VIS
282,VIS,VIS
283,VISp,VISp
284,CA1,CA1
285,VISp,VISp
286,VISam,VISam
287,CA3,CA3
288,MGv,MGv
289,VISl,VISl
290,LP,LP
291,CA1,CA1
292,grey,grey
293,VISal,VISal
294,PO,PO
295,DG,DG
296,CA1,CA1
297,VISl,VISl
298,VISl,VISl
299,grey,grey
300,APN,APN
301,VISam,VISam
302,VIS,VIS
303,LP,LP
304,LP,LP
305,CA1,CA1
306,APN,APN
307,LP,LP
308,VISp,VISp
309,CA3,CA3
310,VISp,VISp
311,VISp,VISp
312,CA1,CA1
313,SUB,SUB
314,CA1,CA1
315,CA1,CA1
316,CA1,CA1
317,VISli,VISli
318,grey,grey
319,VISal,VISal
320,grey,grey
321,VISam,VISam
322,DG,DG
323,CA1,CA1
324,VIS,VIS
325,grey,grey
326,VISal,VISal
327,VISam,VISam
328,DG,DG
329,VISp,VISp
330,VISam,VISam
331,VISmma,VISmma
332,LGd,LGd
333,CA1,CA1
334,VISl,VISl
335,LP,LP
336,CA1,CA1
337,VISam,VISam
338,VISam,VISam
339,CA1,CA1
340,DG,DG
341,CA1,CA1
342,CA1,CA1
343,CA1,CA1
344,DG,DG
345,DG,DG
346,CA1,CA1
347,VISam,VISam
348,VISmma,VISmma
349,VISp,VISp
350,ProS,ProS
351,VISam,VISam
352,LP,LP
353,VISam,VISam
354,VISal,VISal
355,ProS,ProS
356,VISp,VISp
357,VISp,VISp
358,VISp,VISp
359,APN,APN
360,MB,MB
361,CA1,CA1
362,CA1,CA1
363,DG,DG
364,SUB,SUB
365,grey,grey
366,CA1,CA1
367,CA3,CA3
368,VISrl,VISrl
369,VIS,VIS
370,VISal,VISal
371,VISp,VISp
372,VISli,VISli
373,grey,grey
374,APN,APN
375,grey,grey
376,CA3,CA3
377,grey,grey
378,MB,MB
379,CA3,CA3
380,VISam,VISam
381,VISl,VISl
382,VISp,VISp
383,MGv,MGv
384,VISp,VISp
385,grey,grey
386,grey,grey
387,VISp,VISp
388,CA1,CA1
389,Eth,Eth
390,CA1,CA1
391,LP,PIL
392,MGv,MGv
393,SUB,SUB
394,grey,grey
395,ProS,ProS
396,APN,APN
397,VIS,VIS
398,CA1,CA1
399,VISp,VISp
400,LP,LP
401,VISrl,VISrl
402,LGd,LGd
403,grey,grey
404,VISpm,VISpm
405,VISal,VISal
406,VIS,VIS
407,PoT,PoT
408,CA1,CA1
409,APN,APN
410,VISam,VISam
411,DG,DG
412,LP,LP
413,VISam,VISam
414,grey,grey
415,VIS,VIS
416,DG,DG
417,CA1,CA1
418,CA1,CA1
419,CA1,CA1
420,DG,DG
421,VISal,VISal
422,LP,LP
423,VISrl,VISrl
424,VISam,VISam
425,LGd,LGd
426,CA1,CA1
427,grey,grey
428,PO,PO
429,CA1,CA1
430,VISal,VISal
431,VISli,VISli
432,CA3,CA3
433,grey,grey
434,VISl,VISl
435,grey,grey
436,grey,grey
437,CA1,CA1
438,VISrl,VISrl
439,VISam,VISam
440,CA1,CA1
441,LP,LP
442,APN,APN
443,CA1,CA1
444,VISp,VISp
445,VISrl,VISrl
446,APN,APN
447,grey,grey
448,VISrl,VISrl
449,grey,grey
450,VISp,VISp
451,APN,APN
452,CA3,CA3
453,CA1,CA1
454,VISp,VISp
455,CA1,CA1
456,grey,grey
457,grey,grey
458,ProS,ProS
459,grey,grey
460,APN,MGd
461,VISp,VISp
462,PO,TH
463,VISpm,VISpm
464,grey,grey
465,VISal,VISal
466,TH,TH
467,VISpm,VISpm
468,CA1,CA1
469,VISl,VISl
470,VISl,VISl
471,NOT,NOT
472,grey,grey
473,CA1,CA1
474,CA3,CA3
475,VISl,VISl
476,grey,grey
477,grey,grey
478,CA1,CA1
479,CA1,CA1
480,grey,grey
481,VIS,VIS
482,DG,DG
483,CA1,CA1
484,CA3,CA3
485,CA1,CA1
486,VISrl,VISrl
487,DG,DG
488,LGd,LGd
489,CA1,CA1
490,grey,grey
491,VISam,VISam
492,VISp,VISp
493,CA1,CA1
494,CA3,CA3
495,VISal,VISal
496,DG,DG
497,CA1,CA1
498,VISrl,VISrl
499,TH,TH
500,APN,APN
501,grey,grey
502,VISp,VISp
503,VISp,VISp
504,CA1,CA1
505,VISrl,VISrl
506,VISl,VISl
507,SUB,SUB
508,grey,grey
509,VPM,VPM
510,VISam,VISam
511,CA1,CA1
512,VISmma,VISmma
513,CA1,CA1
514,DG,DG
515,LGv,LGv
516,CA1,CA1
517,VIS,VIS
518,VISl,VISl
519,VIS,VIS
520,VISam,VISam
521,grey,grey
522,LGd,LGd
523,CA1,CA1
524,CA1,CA1
525,SUB,SUB
526,POL,POL
527,VISli,VISli
528,CA1,CA1
529,VISl,VISl
530,VISal,VISal
531,VISp,VISp
532,grey,grey
533,VISam,VISam
534,VISp,VISp
535,VISmma,VISmma
536,grey,grey
537,grey,grey
538,CA1,CA1
539,VISpm,VISpm
540,VISam,VISam
541,CA1,CA1
542,VISam,VISam
543,VISl,VISl
544,DG,DG
545,CA3,APN
546,CA1,CA1
547,MGv,MGv
548,grey,grey
549,VISp,VISp
550,LGd,LGd
551,grey,grey
552,CA3,CA3
553,LP,LP
554,CA1,CA1
555,CA1,CA1
556,SGN,SGN
557,CA1,CA1
558,VIS,VIS
559,VISl,VISl
560,VISpm,VISpm
561,CA1,CA1
562,CA1,CA1
563,VISam,VISam
564,VISam,VISam
565,DG,DG
566,VISpm,VISpm
567,TH,TH
568,APN,APN
569,CA1,CA1
570,grey,grey
571,grey,grey
572,grey,grey
573,LP,LP
574,LP,LP
575,ProS,ProS
576,VISl,VISl
577,ProS,ProS
578,VISmma,VISmma
579,SGN,SGN
580,VISal,VISal
581,VISp,VISp
582,VISp,VISp
583,CA1,CA1
584,SUB,SUB
585,VISal,VISal
586,APN,MGd
587,grey,grey
588,VISp,VISp
589,VISal,VISal
590,VIS,VIS
591,LP,LP
592,VISl,VISl
593,VIS,VIS
594,VISam,VISam
595,NOT,NOT
596,VIS,VIS
597,grey,grey
598,MB,MB
599,CA1,CA1
600,PIL,PIL
601,DG,DG
602,grey,grey
603,VISam,VISam
604,MGv,MGv
605,APN,APN
606,VISpm,VISpm
607,VISp,VISp
608,VISp,VISp
609,VIS,VIS
610,ProS,ProS
611,CA3,CA3
612,LGd,LGd
613,grey,grey
614,CA1,CA1
615,APN,APN
616,MGm,PO
617,VISp,VISp
618,CA1,CA1
619,LGd,LGd
620,APN,APN
621,grey,grey
622,VISp,VISp
623,CA1,CA1
624,VISp,VISp
625,DG,DG
626,VISrl,VISrl
627,LP,LP
628,VISrl,VISrl
629,Eth,Eth
630,grey,grey
631,grey,grey
632,MB,MB
633,grey,grey
634,VISp,VISp
635,CA1,CA1
636,CA1,CA1
637,LP,LP
638,DG,DG
639,CA1,CA1
640,VISal,VISal
641,VISli,VISli
642,CA1,CA1
643,CA3,CA3
644,grey,grey
645,SUB,SUB
646,VISli,VISli
647,VISpm,VISpm
648,PIL,PIL
649,grey,grey
650,VISpm,VISpm
651,VISp,VISp
652,VISam,VISam
653,CA1,CA1
654,CA1,CA1
655,VISp,VISp
656,VISal,VISal
657,CA1,CA1
658,grey,grey
659,VISpm,VISpm
660,SUB,SUB
661,CA1,CA1
662,CA1,CA1
663,APN,APN
664,ProS,ProS
665,VISal,VISal
666,grey,grey
667,VISmma,VISmma
668,MGv,MGv
669,grey,grey
670,VISrl,VISrl
671,grey,grey
672,VISp,VISp
673,LGd,LGd
674,DG,DG
675,grey,grey
676,LP,LP
677,VISrl,VISrl
678,VISrl,VISrl
679,VISl,VISl
680,DG,DG
681,CA1,CA1
682,VISpm,VISpm
683,VISp,VISp
684,APN,APN
685,VISl,VISl
686,SUB,SUB
687,VISal,VISal
688,VISrl,VISrl
689,CA1,CA1
690,DG,DG
691,CA1,CA1
692,VIS,VIS
693,CA1,CA1
694,LP,LP
695,VISp,VISp
696,SUB,SUB
697,VIS,VIS
698,APN,APN
699,VISrl,VISrl
700,MB,MB
701,VISp,VISp
702,CA3,CA3
703,VISal,VISal
704,grey,grey
705,VISrl,VISrl
706,VIS,VIS
707,MB,MB
708,CA1,CA1
709,CA1,CA1
710,grey,grey
711,APN,APN
712,VISp,VISp
713,LP,LP
714,CA1,CA1
715,VISam,VISam
716,LGd,LGd
717,VISal,VISal
718,VISam,VISam
719,CA1,CA1
720,MB,LGv
721,VISl,VISl
722,TH,APN
723,VISrl,VISrl
724,VISp,VISp
725,grey,grey
726,grey,grey
727,VISp,VISp
728,grey,grey
729,APN,APN
730,VISam,VISam
731,VISp,VISp
732,MGd,MGd
733,LP,LP
734,VISal,VISal
735,VIS,VIS
736,APN,APN
737,VIS,VIS
738,LP,LP
739,LP,LP
740,CA1,CA1
741,grey,grey
742,LGd,LGd
743,CA3,CA3
744,VISp,VISp
745,VISam,VISam
746,LP,LP
747,ProS,ProS
748,VISrl,VISrl
749,VISrl,VISrl
750,CA1,CA1
751,CA3,CA3
752,VISrl,VISrl
753,VISal,VISal
754,VISam,VISam
755,grey,grey
756,grey,grey
757,VISli,VISli
758,DG,DG
759,CA1,CA1
760,grey,grey
761,DG,DG
762,VISp,VISp
763,CA1,CA1
764,LGd,LGd
765,CA1,CA1
766,DG,DG
767,APN,APN
768,LP,LP
769,grey,grey
770,APN,TH
771,LGv,LGv
772,VISam,VISam
773,ProS,ProS
774,DG,DG
775,LP,LP
776,VISli,VISli
777,DG,DG
778,LP,LP
779,VISp,VISp
780,LP,LP
781,grey,grey
782,CA1,CA1
783,VIS,VIS
784,VISmma,VISmma
785,VISrl,VISrl
786,APN,CA3
787,CA1,CA1
788,VISam,VISam
789,VIS,VIS
790,VISal,VISal
791,CA3,CA3
792,CA1,MB
793,VISp,VISp
794,SUB,SUB
795,LGd,LGd
796,VISam,VISam
797,VISal,VISal
798,DG,DG
799,VIS,VIS
800,CA1,CA1
801,MGv,MGv
802,VISp,VISp
803,VISp,VISp
804,VISal,VISal
805,VISl,VISl
806,DG,DG
807,POL,POL
808,APN,APN
809,VISam,VISam
810,grey,grey
811,TH,TH
812,DG,DG
813,VISpm,VISpm
814,DG,DG
815,DG,DG
816,APN,APN
817,MGv,MGv
818,LGd,LGd
819,VISpm,VISpm
820,CA1,CA1
821,VISp,VISp
822,CA1,CA1
823,VISp,VISp
824,APN,APN
825,VISrl,VISrl
826,DG,DG
827,DG,DG
828,CA1,CA1
829,CA1,CA1
830,VISrl,LP
831,grey,grey
832,DG,DG
833,CA1,CA1
834,CA1,CA1
835,CA1,CA1
836,VISam,VISam
837,VISam,VISam
838,CA3,CA3
839,APN,APN
840,MGd,MGd
841,MGv,VISpm
842,CA1,CA1
843,CA1,CA1
844,VISpm,VISpm
845,SGN,SGN
846,grey,grey
847,VISam,VISam
848,grey,grey
849,APN,APN
850,CA1,CA1
851,grey,grey
852,VISl,VISl
853,VISal,VISal
854,CA1,LP
855,grey,grey
856,VISrl,VISrl
857,CA1,CA1
858,VISp,VISp
859,CA1,CA1
860,APN,APN
861,LGd,LGd
862,LGd,LGd
863,VISp,VISp
864,DG,DG
865,VISrl,VISrl
866,APN,APN
867,SUB,SUB
868,grey,grey
869,VISal,VISal
870,grey,grey
871,VISrl,VISrl
872,VISp,VISp
873,CA3,CA3
874,VIS,VIS
875,DG,DG
876,LGv,LGv
877,grey,grey
878,grey,grey
879,CA1,CA1
880,DG,DG
881,VISp,VISp
882,VIS,VIS
883,VISl,VISl
884,grey,VISam
885,VISl,VISl
886,VISl,VISl
887,CA1,CA1
888,LGd,LGd
889,VISmma,VISmma
890,MGm,TH
891,CA3,CA3
892,CA1,CA1
893,SGN,SGN
894,VISl,VISl
895,VIS,VIS
896,LGd,LGd
897,ProS,ProS
898,TH,TH
899,VISl,VISl
900,SUB,SUB
901,CA1,CA1
902,grey,grey
903,CA1,CA1
904,DG,DG
905,CA1,CA1
906,CA1,CA1
907,VISal,VISal
908,VISl,VISl
909,CA1,CA1
910,VIS,VIS
911,VISp,VISp
912,CA3,CA3
913,grey,grey
914,DG,DG
915,grey,grey
916,VISam,VISam
917,grey,grey
918,grey,grey
919,VISrl,VISrl
920,VISli,VISli
921,APN,APN
922,CA1,CA1
923,grey,grey
924,LGd,LGd
925,PO,PO
926,VISl,VISl
927,CA3,CA3
928,VISam,VISam
929,CA1,CA1
930,VISp,VISp
931,DG,DG
932,VISal,VISal
933,CA1,CA1
934,VISli,VISli
935,VISpm,VISpm
936,CA3,CA3
937,VISpm,VISpm
938,CA1,CA1
939,VISrl,VISrl
940,grey,grey
941,LP,LP
942,VISam,VISam
943,SUB,SUB
944,VISal,VISal
945,LP,LP
946,VISam,VISam
947,grey,grey
948,APN,APN
949,VISam,VISam
950,VISp,VISp
951,VISal,VISal
952,DG,DG
953,VISam,VISam
954,VISl,VISl
955,Eth,Eth
956,VISam,VISam
957,VISmma,VISmma
958,DG,DG
959,VIS,VIS
960,grey,grey
961,CA1,CA1
962,VISam,VISam
963,grey,grey
964,APN,APN
965,CA1,CA1
966,VISp,VISp
967,VISal,VISal
968,LP,LP
969,VISp,VISp
970,grey,grey
971,grey,grey
972,CA1,CA1
973,VISam,VISam
974,grey,grey
975,VISp,VISp
976,CA1,CA1
977,CA3,CA3
978,VISl,VISl
979,VISl,VISl
980,LGd,LGd
981,VIS,VIS
982,grey,grey
983,grey,grey
984,CA1,CA1
985,grey,grey
986,VISal,VISal
987,CA1,CA1
988,grey,grey
989,VISp,VISp
990,LP,LP
991,VISal,VISal
992,CA1,CA1
993,PPT,PPT
994,VISam,VISam
995,VISal,VISal
996,APN,APN
997,VISal,VISal
998,grey,grey
999,VISl,VISl
1000,TH,TH
1001,VIS,VIS
1002,grey,grey
1003,APN,APN
1004,APN,APN
1005,POL,POL
1006,LP,LP
1007,VISp,VISp
1008,TH,TH
1009,grey,grey
1010,CA1,CA1
1011,LP,LP
1012,VISal,VISal
1013,grey,grey
1014,CA1,CA1
1015,VISal,VISal
1016,VIS,VIS
1017,CA3,CA3
1018,SUB,SUB
1019,VISal,VISal
1020,VISp,VISp
1021,VISl,VISl
1022,VISp,VISp
1023,CA1,CA1
1024,Eth,Eth
1025,VISrl,VISrl
1026,VISp,VISp
1027,grey,grey
1028,APN,APN
1029,VISal,VISal
1030,CA1,MGm
1031,VISrl,VISrl
1032,VISpm,VISpm
1033,grey,grey
1034,TH,TH
1035,VISp,VISp
1036,DG,DG
1037,VISam,VISam
1038,CA1,CA1
1039,DG,DG
1040,MB,MB
1041,grey,grey
1042,APN,APN
1043,LP,LP
1044,CA1,CA1
1045,VISam,VISam
1046,VISam,VISam
1047,VISpm,VISpm
1048,CA1,MB
1049,VISpm,VISpm
1050,VISp,VISp
1051,grey,grey
1052,grey,grey
1053,grey,grey
1054,SUB,SUB
1055,DG,DG
1056,VISal,VISal
1057,CA1,CA1
1058,VISal,VISal
1059,PO,PO
1060,CA1,CA1
1061,grey,grey
1062,CA1,CA1
1063,VISrl,VISrl
1064,grey,grey
1065,CA1,CA1
1066,CA3,CA3
1067,VISmma,VISmma
1068,CA1,MGm
1069,APN,APN
1070,VISam,VISam
1071,DG,DG
1072,ProS,ProS
1073,VISrl,VISrl
1074,LP,LP
1075,CA1,CA1
1076,DG,DG
1077,CA1,CA1
1078,VISl,VISl
1079,ProS,ProS
1080,grey,grey
1081,VISmma,VISmma
1082,LP,LP
1083,CA1,CA1
1084,grey,grey
1085,CA1,CA1
1086,CA1,CA1
1087,CA1,CA1
1088,CA1,CA1
1089,CA1,CA1
1090,grey,grey
1091,VISp,VISp
1092,ProS,ProS
1093,CA1,CA1
1094,grey,grey
1095,APN,APN
1096,grey,grey
1097,grey,grey
1098,VISp,VISp
1099,DG,DG
1100,CA3,CA3
1101,CA1,CA1
1102,CA1,CA1
1103,VISpm,VISpm
1104,VISp,VISp
1105,CA1,CA1
1106,APN,APN
1107,DG,DG
1108,CA1,CA1
1109,CA3,CA3
1110,VISrl,VISrl
1111,APN,APN
1112,LGd,LGd
1113,VISl,VISl
1114,VISp,VISp
1115,SGN,SGN
1116,VISrl,VISrl
1117,grey,grey
1118,LGd,LGd
1119,VISl,VISl
1120,LGd,LGd
1121,VISp,VISp
1122,APN,APN
1123,PO,PO
1124,VISam,VISam
1125,SUB,SUB
1126,VISpm,VISpm
1127,CA1,CA1
1128,VISp,VISp
1129,DG,DG
1130,VISp,VISp
1131,VISal,VISal
1132,CA1,CA1
1133,VISrl,VISrl
1134,CA1,CA1
1135,SCig,SCig
1136,PPT,PPT
1137,LP,LP
1138,VISam,VISam
1139,VISal,VISal
1140,grey,grey
1141,VIS,VIS
1142,TH,TH
1143,ProS,ProS
1144,VISal,VISal
1145,CA1,CA1
1146,ProS,ProS
1147,VISli,VISli
1148,VISal,VISal
1149,CA1,CA1
1150,CA3,CA3
1151,CA1,CA1
1152,DG,DG
1153,MGv,MGv
1154,VISam,VISam
1155,grey,MGd
1156,grey,grey
1157,CA1,CA1
1158,VISal,VISal
1159,CA1,CA1
1160,CA1,CA1
1161,CA1,CA1
1162,APN,CA3
1163,VISp,VISp
1164,VISp,VISp
1165,CA1,CA1
1166,VIS,VIS
1167,LP,LP
1168,CA3,CA3
1169,LGd,LGd
1170,CA1,CA1
1171,VISam,VISam
1172,VIS,VIS
1173,APN,APN
1174,VIS,VIS
1175,VISpm,VISpm
1176,grey,grey
1177,VIS,APN
1178,VIS,VIS
1179,LP,LP
1180,grey,grey
1181,VISrl,VISrl
1182,DG,DG
1183,VISl,VISl
1184,NOT,NOT
1185,VISal,VISal
1186,OP,OP
1187,VISam,VISam
1188,VISpm,VISpm
1189,APN,APN
1190,DG,DG
1191,ProS,ProS
1192,CA3,CA3
1193,grey,grey
1194,CA1,CA1
1195,VISam,VISam
1196,CA1,CA1
1197,grey,grey
1198,LP,LP
1199,DG,DG
1200,VIS,VIS
1201,LP,LP
1202,APN,PO
1203,LP,LP
1204,grey,grey
1205,grey,grey
1206,SUB,SUB
1207,APN,APN
1208,grey,grey
1209,DG,DG
1210,SUB,SUB
1211,ProS,ProS
1212,PO,PO
1213,SUB,SUB
1214,VISpm,VISpm
1215,PPT,PPT
1216,VISal,VISal
1217,VIS,VIS
1218,VISrl,VISrl
1219,APN,APN
1220,VISrl,VISrl
1221,VISl,VISl
1222,VISam,VISam
1223,CA1,CA1
1224,MGv,MGv
1225,VISpm,VISpm
1226,LP,LP
1227,VISp,VISp
1228,APN,APN
1229,VISl,VISl
1230,VISl,VISl
1231,LP,LP
1232,CA1,CA1
1233,VISrl,VISrl
1234,CA1,CA1
1235,VISpm,VISpm
1236,DG,DG
1237,VISam,VISam
1238,VISam,VISam
1239,LP,LP
1240,DG,DG
1241,VISal,VISal
1242,VISmma,VISmma
1243,VISl,VISl
1244,CA1,CA1
1245,SUB,SUB
1246,MB,MB
1247,VISrl,VISrl
1248,DG,DG
1249,VISl,VISl
1250,VIS,VIS
1251,DG,DG
1252,LGd,LGd
1253,VISam,VISam
1254,CA3,CA3
1255,VPM,VPM
1256,CA1,CA1
1257,LP,LP
1258,APN,APN
1259,VISp,VISp
1260,VISl,VISl
1261,DG,DG
1262,CA1,CA1
1263,grey,grey
1264,CA1,CA1
1265,Eth,Eth
1266,VISal,VISal
1267,VIS,VIS
1268,grey,grey
1269,VISam,VISam
1270,CA1,CA1
1271,grey,grey
1272,LP,LP
1273,CA1,CA1
1274,VISpm,VISpm
1275,VISl,VISl
1276,NOT,NOT
1277,VISp,VISp
1278,DG,DG
1279,VISam,VISam
1280,VISl,VISpm
1281,VPM,VPM
1282,VIS,VIS
1283,DG,MB
1284,VISpm,VISpm
1285,VISp,VISp
1286,LP,LP
1287,VISal,VISal
1288,VISal,VISal
1289,CA1,CA1
1290,LGd,LGd
1291,CA1,CA1
1292,CA1,CA1
1293,grey,grey
1294,APN,APN
1295,VISam,VISam
1296,VISam,VISam
1297,VISpm,VISpm
1298,VISl,VISl
1299,VISrl,VISrl
1300,grey,grey
1301,VISp,VISp
1302,LGd,LGd
1303,VISrl,VISrl
1304,VISam,VISam
1305,CA1,CA1
1306,CA1,CA1
1307,VISp,VISp
1308,LGd,LGd
1309,grey,grey
1310,DG,DG
1311,grey,grey
1312,DG,DG
1313,VISrl,VISrl
1314,SCig,grey
1315,VISp,VISp
1316,CA1,CA1
1317,VISp,VISp
1318,CA1,CA1
1319,VISp,VISp
1320,CA1,CA1
1321,grey,grey
1322,VISp,VISp
1323,VISal,VISal
1324,CA1,CA1
1325,APN,APN
1326,VISp,VISp
1327,VISpm,VISpm
1328,VISmma,VISmma
1329,VISp,VISp
1330,CA3,APN
1331,PO,PO
1332,DG,DG
1333,CA1,CA1
1334,VISrl,VISrl
1335,CA1,CA1
1336,CA1,CA1
1337,VISam,VISam
1338,VISp,VISp
1339,LP,LP
1340,grey,grey
1341,APN,APN
1342,SUB,SUB
1343,DG,DG
1344,grey,grey
1345,CA1,CA1
1346,PO,PO
1347,grey,grey
1348,VISrl,VISrl
1349,SCig,SCig
1350,CA3,CA3
1351,LP,LP
1352,grey,grey
1353,VIS,VIS
1354,CA1,CA1
1355,DG,DG
1356,VISam,VISam
1357,VISam,VISam
1358,MGd,MGd
1359,APN,APN
1360,DG,DG
1361,VISrl,VISrl
1362,CA1,CA1
1363,grey,grey
1364,SUB,SUB
1365,grey,grey
1366,VIS,VIS
1367,grey,grey
1368,VISrl,VISrl
1369,VISrl,VISrl
1370,DG,DG
1371,VISam,VISam
1372,grey,grey
1373,DG,DG
1374,APN,APN
1375,APN,APN
1376,SGN,SGN
1377,grey,grey
1378,VISp,VISp
1379,grey,grey
1380,SGN,SGN
1381,VISpm,VISpm
1382,APN,APN
1383,CA2,CA2
1384,VIS,VIS
1385,MB,MB
1386,CA1,CA1
1387,VISpm,VISpm
1388,DG,DG
1389,VISp,VISp
1390,VISp,VISp
1391,SGN,SGN
1392,VISam,VISam
1393,SUB,SUB
1394,grey,grey
1395,CA3,CA3
1396,VISal,VISal
1397,VISp,VISp
1398,DG,DG
1399,Eth,Eth
1400,SUB,grey
1401,LGd,LGd
1402,VISal,VISal
1403,CA1,CA1
1404,VISam,VISam
1405,CA1,CA1
1406,MGd,MGd
1407,VISam,VISam
1408,CA1,CA1
1409,VIS,VIS
1410,APN,APN
1411,DG,DG
1412,DG,DG
1413,grey,grey
1414,VISmma,VISmma
1415,VIS,VIS
1416,CA1,CA1
1417,NOT,NOT
1418,CA1,CA1
1419,APN,APN
1420,VISp,VISp
1421,VISpm,VISpm
1422,SUB,SUB
1423,CA1,CA1
1424,CA1,CA1
1425,VIS,VIS
1426,ProS,ProS
1427,CA1,CA1
1428,grey,grey
1429,VISam,VISam
1430,LGd,LGd
1431,LP,LP
1432,VIS,VIS
1433,SUB,SUB
1434,CA1,CA1
1435,CA1,CA1
1436,APN,APN
1437,grey,grey
1438,CA1,CA1
1439,LP,LP
1440,CA1,CA1
1441,VISp,VISp
1442,DG,DG
1443,grey,grey
1444,VISp,VISp
1445,VISrl,VISrl
1446,PoT,PoT
1447,APN,APN
1448,VISp,VISp
1449,LP,LP
1450,CA3,CA3
1451,VISal,VISal
1452,grey,grey
1453,CA1,CA1
1454,CA1,CA1
1455,LGd,LGd
1456,VISal,VISal
1457,VISpm,VISpm
1458,grey,grey
1459,VISl,VISl
1460,grey,grey
1461,APN,APN
1462,APN,MGd
1463,APN,APN
1464,SUB,SUB
1465,CA1,CA1
1466,DG,DG
1467,VISrl,VISrl
1468,VISal,VISal
1469,LP,LP
1470,grey,grey
1471,VISrl,VISrl
1472,CA1,CA1
1473,SUB,SUB
1474,grey,grey
1475,grey,grey
1476,ProS,ProS
1477,VISal,VISal
1478,VISp,VISp
1479,CA1,CA1
1480,MGv,MGv
1481,VISal,VISal
1482,VISam,VISam
1483,VISal,VISal
1484,SUB,SUB
1485,VISli,VISli
1486,VISpm,VISpm
1487,grey,grey
1488,DG,DG
1489,ProS,ProS
1490,VISpm,MGv
1491,VISam,VISam
1492,CA3,CA3
1493,POL,POL
1494,VISl,VISl
1495,VISam,VISam
1496,grey,grey
1497,VISal,VISal
1498,VISrl,VISrl
1499,ProS,ProS
1500,CA1,CA1
1501,VISal,VISal
1502,VISrl,VISrl
1503,APN,POL
1504,ProS,ProS
1505,LGd,LGd
1506,DG,DG
1507,VISam,VISam
1508,VIS,VIS
1509,LGd,LGd
1510,VISl,VISl
1511,VISrl,VISrl
1512,VISp,VISp
1513,VISam,VISam
1514,VISpm,VISpm
1515,CA1,CA1
1516,LP,LP
1517,VISpm,VISpm
1518,VISam,VISam
1519,MGm,grey
1520,SUB,SUB
1521,grey,grey
1522,grey,grey
1523,VIS,VIS
1524,VISpm,VISpm
1525,VISl,VISl
1526,VISam,VISam
1527,VISam,VISam
1528,CA1,CA1
1529,grey,grey
1530,CA1,CA1
1531,APN,APN
1532,MB,LGv
1533,grey,grey
1534,TH,TH
1535,LGd,LGd
1536,VISp,VISp
1537,grey,grey
1538,VISp,VISp
1539,OP,OP
1540,grey,grey
1541,grey,grey
1542,DG,DG
1543,VISp,VISp
1544,grey,grey
1545,VISp,VISp
1546,MB,MB
1547,CA1,CA1
1548,MGv,MGv
1549,LP,LP
1550,LGd,LGd
1551,VISam,VISam
1552,VISmma,VISmma
1553,CA1,CA1
1554,grey,grey
1555,grey,grey
1556,CA1,CA1
1557,VISp,VISp
1558,grey,grey
1559,VIS,VIS
1560,VISl,VISl
1561,VISl,VISl
1562,VISp,VISp
1563,SUB,SUB
1564,VISrl,VISrl
1565,POL,POL
1566,CA1,CA1
1567,CA1,CA1
1568,MB,MB
1569,VISl,VISl
1570,VISp,VISp
1571,LP,LP
1572,MGv,MGv
1573,VISmma,VISmma
1574,CA1,CA1
1575,CA1,CA1
1576,VISam,VISam
1577,grey,grey
1578,VISam,VISam
1579,VISrl,VISrl
1580,VISal,VISal
1581,CA1,CA1
1582,VIS,VIS
1583,grey,grey
1584,DG,DG
1585,APN,APN
1586,VISli,VISli
1587,APN,APN
1588,VISal,VISal
1589,NOT,NOT
1590,grey,grey
1591,CA1,CA1
1592,VISam,VISam
1593,CA1,CA1
1594,MGv,MGv
1595,grey,grey
1596,grey,grey
1597,grey,grey
1598,grey,grey
1599,APN,APN
1600,VISrl,VISrl
1601,LGv,LGv
1602,VISp,VISp
1603,VISp,VISp
1604,CA1,CA1
1605,VISrl,VISrl
1606,VISp,VISp
1607,VISp,VISp
1608,DG,DG
1609,grey,grey
1610,CA1,CA1
1611,VISrl,VISrl
1612,VISl,VISl
1613,grey,grey
1614,VISal,VISal
1615,TH,TH
1616,ProS,ProS
1617,DG,DG
1618,VISam,VISam
1619,VISam,VISam
1620,VISp,VISp
1621,CA1,CA1
1622,VISp,VISp
1623,VISp,VISp
1624,LGd,LGd
1625,VISp,VISp
1626,CA1,CA1
1627,VISp,VISp
1628,LGd,LGd
1629,CA1,CA1
1630,LGd,LGd
1631,grey,grey
1632,VISp,VISp
1633,SUB,SUB
1634,SGN,SGN
1635,grey,grey
1636,APN,APN
1637,grey,grey
1638,VISp,VISp
1639,VISal,VISal
1640,VISam,VISam
1641,VISp,VISp
1642,VISp,VISp
1643,CA1,CA1
1644,VISpm,VISpm
1645,CA1,CA1
1646,grey,grey
1647,SUB,SUB
1648,VISrl,VISrl
1649,APN,APN
1650,VISl,VISl
1651,CA3,CA3
1652,CA1,CA1
1653,CA1,CA1
1654,VISrl,VISrl
1655,CA1,CA1
1656,CA1,CA1
1657,SUB,SUB
1658,LP,PIL
1659,VISpm,VISpm
1660,VISli,VISli
1661,LGd,LGd
1662,grey,grey
1663,VISpm,VISpm
1664,grey,grey
1665,DG,DG
1666,CA1,CA1
1667,VISp,VISp
1668,VISp,VISp
1669,MGv,MGv
1670,CA1,CA1
1671,VISp,VISp
1672,VISp,VISp
1673,VISmma,VISmma
1674,MGv,MGv
1675,grey,MB
1676,TH,TH
1677,VISal,VISal
1678,DG,DG
1679,grey,grey
1680,CA3,CA3
1681,VISpm,VISpm
1682,VISp,VISp
1683,VISam,VISam
1684,grey,grey
1685,CA1,CA1
1686,SGN,SGN
1687,CA1,CA1
1688,VISp,VISp
1689,CA1,CA1
1690,NOT,NOT
1691,VISam,VISam
1692,VISam,VISam
1693,grey,grey
1694,VISrl,VISrl
1695,MGv,APN
1696,LGv,LGv
1697,VISli,VISli
1698,VISrl,VISrl
1699,CA1,CA1
1700,VISam,VISam
1701,LP,LP
1702,DG,DG
1703,CA1,CA1
1704,VISp,VISp
1705,APN,APN
1706,VISpm,VISpm
1707,VISrl,VISrl
1708,VISp,VISp
1709,LP,LP
1710,grey,grey
1711,LGd,LGd
1712,CA3,CA3
1713,VISp,VISp
1714,VISp,VISp
1715,VISal,VISal
1716,APN,APN
1717,DG,DG
1718,LP,LP
1719,VISpm,VISpm
1720,TH,TH
1721,Eth,Eth
1722,VISrl,VISrl
1723,Eth,Eth
1724,VISp,VISp
1725,VISal,VISal
1726,CA1,CA1
1727,VISam,VISam
1728,CA1,CA1
1729,APN,MGd
1730,APN,APN
1731,DG,DG
1732,LP,LP
1733,VISrl,VISrl
1734,CA3,CA3
1735,DG,DG
1736,LGd,LGd
1737,TH,TH
1738,grey,grey
1739,grey,grey
1740,grey,grey
1741,CA1,CA1
1742,grey,grey
1743,VIS,VIS
1744,SGN,SGN
1745,APN,APN
1746,SUB,SUB
1747,CA1,CA1
1748,VISam,VISam
1749,VIS,VIS
1750,CA3,CA3
1751,VISam,VISam
1752,VISp,VISp
1753,DG,DG
1754,LP,LP
1755,VISmma,VISmma
1756,CA3,CA3
1757,VISam,VISam
1758,grey,grey
1759,VIS,VIS
1760,DG,DG
1761,MB,MB
1762,VISal,VISal
1763,VISpm,VISpm
1764,CA1,CA1
1765,CA1,CA1
1766,ProS,ProS
1767,Eth,Eth
1768,VISal,VISal
1769,CA1,CA1
1770,LGd,LGd
1771,VISl,VISl
1772,grey,grey
1773,VISp,VISp
1774,CA1,CA1
1775,DG,DG
1776,TH,TH
1777,LP,LP
1778,VISp,VISp
1779,LGd,LGd
1780,DG,DG
1781,VISli,VISli
1782,CA1,CA1
1783,grey,grey
1784,SUB,SUB
1785,APN,APN
1786,APN,APN
1787,grey,grey
1788,VISam,VISam
1789,VISam,VISam
1790,CA1,CA1
1791,CA1,CA1
1792,APN,APN
1793,LGd,LGd
1794,VISam,VISam
1795,VISl,VISl
1796,VISp,OP
1797,grey,grey
1798,APN,APN
1799,CA1,CA1
1800,LGd,LGd
1801,MB,MB
1802,VISl,VISl
1803,CA1,CA1
1804,VISam,VISam
1805,VISp,VISp
1806,VISp,VISp
1807,CA1,CA1
1808,VISrl,VISrl
1809,VISal,VISal
1810,ProS,ProS
1811,CA1,CA1
1812,LP,LP
1813,CA1,CA1
1814,APN,APN
1815,grey,grey
1816,VISli,VISli
1817,grey,grey
1818,VISrl,VISrl
1819,VISpm,VISpm
1820,ProS,ProS
1821,SGN,SGN
1822,VISam,VISam
1823,DG,DG
1824,grey,grey
1825,VISrl,VISrl
1826,VISp,VISp
1827,NOT,NOT
1828,LP,LP
1829,LP,LP
1830,LP,LP
1831,SUB,SUB
1832,VISam,VISam
1833,VIS,VIS
1834,grey,grey
1835,CA2,CA2
1836,VISpm,VISpm
1837,VISpm,VISpm
1838,CA1,CA1
1839,CA1,CA1
1840,LP,LP
1841,grey,grey
1842,CA1,CA1
1843,CA1,CA1
1844,APN,APN
1845,VISl,VISl
1846,APN,APN
1847,VISam,VISam
1848,LP,LP
1849,APN,APN
1850,VISl,VISl
1851,VISal,VISal
1852,VISmma,VISmma
1853,CA1,CA1
1854,VISrl,VISrl
1855,grey,grey
1856,LP,LP
1857,CA1,CA1
1858,CA3,CA3
1859,grey,grey
1860,DG,DG
1861,VISal,VISal
1862,VISrl,VISrl
1863,ProS,ProS
1864,LP,LP
1865,VISam,VISam
1866,VISrl,VISrl
1867,VISrl,VISrl
1868,LP,LP
1869,VISp,VISp
1870,MGv,MGv
1871,MB,MB
1872,VISam,VISam
1873,APN,APN
1874,VISl,VISl
1875,VISl,VISl
1876,MB,MB
1877,LGd,LGd
1878,MB,MB
1879,VISrl,VISrl
1880,VISrl,VISrl
1881,CA1,CA1
1882,grey,grey
1883,CA1,CA1
1884,CA1,CA1
1885,ProS,ProS
1886,SUB,SUB
1887,CA1,CA1
1888,VIS,VIS
1889,CA1,CA1
1890,CA1,CA1
1891,grey,grey
1892,MB,MB
1893,APN,APN
1894,VISp,VISp
1895,SUB,SUB
1896,VISrl,VISrl
1897,APN,CA3
1898,ProS,ProS
1899,CA3,CA3
1900,VISp,VISp
1901,VIS,VIS
1902,LP,LP
1903,VISam,VISam
1904,grey,grey
1905,VISp,VISp
1906,VISrl,VISrl
1907,CA1,CA1
1908,CA1,CA1
1909,VISal,VISal
1910,grey,grey
1911,VISp,VISp
1912,CA1,CA1
1913,CA1,CA1
1914,CA1,CA1
1915,SUB,SUB
1916,VISam,VISam
1917,VISam,VISam
1918,DG,DG
1919,CA1,CA1
1920,VISp,VISp
1921,VISal,VISal
1922,VIS,VIS
1923,VIS,VIS
1924,CA1,CA1
1925,VISp,VISp
1926,Eth,Eth
1927,VISal,VISal
1928,CA1,CA1
1929,grey,grey
1930,grey,grey
1931,APN,APN
1932,VIS,VIS
1933,SUB,SUB
1934,VISam,VISam
1935,grey,grey
1936,VISal,VISal
1937,VISl,VISl
1938,DG,DG
1939,VISrl,VISrl
1940,grey,grey
1941,VIS,VIS
1942,VISp,VISp
1943,DG,DG
1944,grey,grey
1945,DG,DG
1946,LP,LP
1947,VISl,VISpm
1948,SUB,SUB
1949,LP,LP
1950,LP,LP
1951,SUB,SUB
1952,VISl,VISl
1953,LP,LP
1954,DG,DG
1955,CA1,CA1
1956,grey,grey
1957,grey,grey
1958,CA1,CA1
1959,SUB,SUB
1960,VISp,VISp
1961,CA1,CA1
1962,CA1,CA1
1963,ProS,ProS
1964,VISrl,VISrl
1965,grey,VISam
1966,CA1,MB
1967,VISrl,VISrl
1968,APN,APN
1969,grey,grey
1970,CA1,CA1
1971,CA1,CA1
1972,grey,grey
1973,VISrl,VISrl
1974,grey,grey
1975,VISp,VISp
1976,APN,APN
1977,VISl,VISl
1978,grey,grey
1979,CA1,CA1
1980,VISp,VISp
1981,grey,grey
1982,VISl,VISl
1983,LP,LP
1984,VISam,VISam
1985,VIS,VIS
1986,LGv,LGv
1987,VISmma,VISmma
1988,VISam,VISam
1989,LP,LP
1990,VISp,VISp
1991,SUB,SUB
1992,ProS,ProS
1993,CA1,CA1
1994,CA1,CA1
1995,LP,LP
1996,grey,grey
1997,CA1,CA1
1998,VISli,VISli
1999,grey,grey
2000,SGN,SGN
2001,VIS,VIS
2002,VISal,VISal
2003,LGd,LGd
2004,VISpm,VISpm
2005,VISam,VISam
2006,CA1,CA1
2007,grey,grey
2008,CA3,CA3
2009,LP,LP
2010,VISal,VISal
2011,VISp,VISp
2012,VISrl,VISrl
2013,CA1,CA1
2014,DG,DG
2015,DG,DG
2016,VIS,VIS
2017,ProS,ProS
2018,VISal,VISal
2019,grey,grey
2020,CA1,CA1
2021,SUB,SUB
2022,DG,DG
2023,CA1,CA1
2024,CA3,CA3
2025,ProS,ProS
2026,VISp,VISp
2027,grey,grey
2028,NOT,NOT
2029,CA1,CA1
2030,VISrl,VISrl
2031,VISpm,VISpm
2032,CA1,CA1
2033,VISpm,VISpm
2034,grey,grey
2035,DG,DG
2036,VISrl,VISrl
2037,CA1,CA1
2038,VIS,VIS
2039,CA1,CA1
2040,VISl,VISl
2041,VISal,VISal
2042,DG,DG
2043,MB,MB
2044,DG,DG
2045,CA3,CA3
2046,CA1,CA1
2047,CA1,CA1
2048,Eth,Eth
2049,SGN,SGN
2050,CA1,CA1
2051,VISal,VISal
2052,APN,APN
2053,DG,DG
2054,VISpm,VISpm
2055,SUB,SUB
2056,VISp,VISp
2057,LGd,LGd
2058,APN,APN
2059,grey,grey
2060,grey,grey
2061,VISmma,VISmma
2062,ZI,LP
2063,VISrl,VISrl
2064,VISam,VISam
2065,grey,grey
2066,VISp,VISp
2067,VISal,VISal
2068,VISal,VISal
2069,MGv,MGv
2070,CA3,CA3
2071,VISp,VISp
2072,APN,APN
2073,grey,grey
2074,CA1,CA1
2075,LGd,LGd
2076,DG,DG
2077,ProS,ProS
2078,SGN,SGN
2079,CA1,CA1
2080,grey,grey
2081,DG,DG
2082,CA3,CA3
2083,APN,APN
2084,APN,APN
2085,VISal,VISal
2086,VISp,VISp
2087,ProS,ProS
2088,CA1,CA1
2089,VISam,VISam
2090,CA1,CA1
2091,VISal,VISal
2092,VISp,VISp
2093,CA1,CA1
2094,LGd,LGd
2095,VISal,VISal
2096,grey,grey
2097,CA1,CA1
2098,APN,APN
2099,VIS,VIS
2100,CA1,CA1
2101,SGN,SGN
2102,CA1,CA1
2103,VISrl,VISrl
2104,VISrl,VISrl
2105,CA3,CA3
2106,CA1,CA1
2107,VISal,VISal
2108,APN,APN
2109,Eth,Eth
2110,APN,APN
2111,VISam,VISam
2112,CA3,CA3
2113,SGN,SGN
2114,LGd,LGd
2115,grey,grey
2116,VISam,VISam
2117,VISam,VISam
2118,VISam,VISam
2119,DG,DG
2120,grey,grey
2121,VISp,VISp
2122,DG,DG
2123,VISp,VISp
2124,VISpm,VISpm
2125,grey,grey
2126,CA1,CA1
2127,grey,grey
2128,grey,grey
2129,VISam,VISam
2130,SCig,SCig
2131,DG,DG
2132,grey,grey
2133,MGv,MGv
2134,VISp,VISp
2135,CA1,CA1
2136,VISam,VISam
2137,CA3,CA3
2138,VISl,VISl
2139,APN,APN
2140,LGd,LGd
2141,LP,LP
2142,VISp,VISp
2143,SUB,SUB
2144,VISam,VISam
2145,VISrl,VISrl
2146,MGv,MGv
2147,APN,APN
2148,LP,LP
2149,VIS,SGN
2150,grey,grey
2151,DG,DG
2152,VISal,VISal
2153,ProS,ProS
2154,LP,LP
2155,CA1,CA1
2156,VISam,VISam
2157,VISp,VISp
2158,CA3,CA3
2159,VISrl,VISrl
2160,VISl,VISl
2161,grey,grey
2162,VISrl,VISrl
2163,CA1,CA1
2164,grey,grey
2165,LGd,LGd
2166,SUB,SUB
2167,VISp,VISp
2168,VISam,VISam
2169,grey,VISam
2170,CA1,CA1
2171,VISpm,VISpm
2172,CA1,CA1
2173,VISp,VISp
2174,VISp,VISp
2175,DG,DG
2176,VISp,VISp
2177,VISp,VISp
2178,VISpm,VISpm
2179,grey,grey
2180,SCig,SCig
2181,APN,APN
2182,grey,grey
2183,DG,DG
2184,VISrl,VISrl
2185,grey,grey
2186,VISp,VISp
2187,grey,grey
2188,VIS,VIS
2189,CA1,CA1
2190,VISpm,VISpm
2191,LGd,LGd
2192,DG,DG
2193,APN,APN
2194,grey,grey
2195,VISal,VISal
2196,APN,APN
2197,VISam,VISam
2198,CA1,CA1
2199,VISp,VISp
2200,CA1,CA1
2201,DG,DG
2202,VIS,VIS
2203,VISal,VISal
2204,CA1,CA1
2205,VISal,VISal
2206,DG,DG
2207,VISrl,VISrl
2208,VISp,VISp
2209,VIS,VIS
2210,CA1,CA1
2211,VISp,VISp
2212,grey,grey
2213,SUB,SUB
2214,SGN,SGN
2215,CA1,CA1
2216,grey,grey
2217,LP,LP
2218,APN,APN
2219,CA1,CA1
2220,VISal,VISal
2221,VISrl,VISrl
2222,APN,APN
2223,VISl,VISl
2224,grey,grey
2225,VISp,VISp
2226,DG,DG
2227,VISrl,VISrl
2228,VISp,VISp
2229,VISl,VISl
2230,VISrl,VISrl
2231,grey,grey
2232,VIS,VIS
2233,VISp,VISp
2234,CA3,CA3
2235,CA1,CA1
2236,VISp,VISp
2237,DG,DG
2238,grey,grey
2239,VISp,VISp
2240,VISp,VISp
2241,CA1,CA1
2242,VISrl,VISrl
2243,grey,grey
2244,grey,grey
2245,CA1,CA1
2246,grey,grey
2247,CA3,CA3
2248,SUB,SUB
2249,VISp,VISp
2250,grey,grey
2251,VISrl,VISrl
2252,VISrl,VISrl
2253,VIS,VIS
2254,VISl,VISl
2255,DG,DG
2256,CA1,CA1
2257,VISrl,VISrl
2258,VISrl,VISrl
2259,APN,APN
2260,VISal,VISal
2261,VISrl,VISrl
2262,CA1,CA1
2263,SGN,VIS
2264,DG,DG
2265,VISal,VISal
2266,VIS,VIS
2267,grey,grey
2268,CA1,CA1
2269,VISam,VISam
2270,grey,grey
2271,VISli,VISli
2272,DG,DG
2273,VIS,VIS
2274,VISam,VISam
2275,VISam,VISam
2276,CA1,CA1
2277,VISal,VISal
2278,CA1,CA1
2279,VISrl,VISrl
2280,VISam,VISam
2281,VISp,VISp
2282,VISam,VISam
2283,CA1,CA1
2284,VISal,VISal
2285,VISp,VISp
2286,SUB,SUB
2287,LP,LP
2288,VISam,VISam
2289,VIS,VIS
2290,CA1,CA1
2291,VISrl,VISrl
2292,VISp,VISp
2293,grey,grey
2294,CA1,CA1
2295,VISrl,VISrl
2296,grey,grey
2297,MGm,MGm
2298,VISal,VISal
2299,SCig,SCig
2300,CA1,CA1
2301,grey,grey
2302,VISal,VISal
2303,VISp,VISp
2304,VISrl,VISrl
2305,VISal,VISal
2306,VISrl,VISrl
2307,VISal,VISal
2308,VISam,VISam
2309,VISam,VISam
2310,CA1,CA1
2311,CA1,CA1
2312,VISp,VISp
2313,VISp,VISp
2314,VISp,VISp
2315,CA1,CA1
2316,VISrl,VISrl
2317,ProS,ProS
2318,DG,DG
2319,CA3,CA3
2320,MGd,MGd
2321,VISam,VISam
2322,CA3,CA3
2323,CA1,CA1
2324,LGv,LGv
2325,VISp,VISp
2326,CA1,CA1
2327,CA1,CA1
2328,VISam,VISam
2329,VIS,VIS
2330,VIS,VIS
2331,LP,LP
2332,APN,APN
2333,TH,TH
2334,MGv,MGv
2335,CA1,CA1
2336,LP,LP
2337,grey,grey
2338,VISal,VISal
2339,VISp,VISp
2340,LP,LP
2341,grey,grey
2342,grey,grey
2343,VIS,VIS
2344,VISp,VISp
2345,grey,grey
2346,VIS,VIS
2347,VISp,VISp
2348,grey,grey
2349,DG,DG
2350,CA1,CA1
2351,MGd,MGd
2352,CA3,CA3
2353,CA3,CA3
2354,LP,LP
2355,VIS,VIS
2356,LGv,LGv
2357,VISp,VISp
2358,LP,LP
2359,CA1,CA1
2360,LP,LP
2361,DG,DG
2362,VISrl,VISrl
2363,grey,grey
2364,grey,grey
2365,APN,APN
2366,VISrl,VISrl
2367,VISp,VISp
2368,VISrl,VISrl
2369,SGN,SGN
2370,VIS,VIS
2371,CA1,CA1
2372,grey,grey
2373,VISp,VISp
2374,grey,grey
2375,grey,grey
2376,LGd,LGd
2377,VISpm,VISpm
2378,VISal,VISal
2379,VISal,VISal
2380,VISal,VISal
2381,CA3,CA3
2382,LGd,LGd
2383,VIS,VIS
2384,VISpm,VISpm
2385,grey,grey
2386,grey,grey
2387,DG,DG
2388,VISrl,VISrl
2389,grey,grey
2390,CA1,CA1
2391,APN,APN
2392,DG,DG
2393,DG,DG
2394,SUB,SUB
2395,VIS,VIS
2396,VISl,VISl
2397,grey,grey
2398,VISp,VISp
2399,VISpm,VISpm
2400,VIS,VIS
2401,CA1,CA1
2402,grey,grey
2403,SUB,SUB
2404,SCig,SCig
2405,grey,grey
2406,VISp,VISp
2407,grey,grey
2408,NOT,NOT
2409,CA1,CA1
2410,VISpm,VISpm
2411,VISrl,VISrl
2412,CA1,CA1
2413,SGN,SGN
2414,grey,grey
2415,VISrl,VISrl
2416,grey,grey
2417,DG,DG
2418,VIS,VIS
2419,VISal,VISal
2420,LP,LP
2421,CA1,CA1
2422,DG,DG
2423,grey,grey
2424,grey,grey
2425,ProS,ProS
2426,CA1,CA1
2427,VISrl,VISrl
2428,VISl,VISl
2429,VISam,VISam
2430,DG,DG
2431,grey,grey
2432,VISmma,VISmma
2433,VISam,VISam
2434,VISrl,VISrl
2435,APN,APN
2436,grey,grey
2437,VISp,VISp
2438,VISal,VISal
2439,DG,DG
2440,VISam,VISam
2441,CA1,CA1
2442,LP,LP
2443,VISal,VISal
2444,DG,DG
2445,APN,APN
2446,VISam,VISam
2447,VISpm,VISpm
2448,VISl,VISl
2449,grey,grey
2450,VISal,VISal
2451,VISp,VISp
2452,CA1,CA1
2453,VISmma,VISmma
2454,LP,LP
2455,CA3,CA3
2456,CA1,CA1
2457,VISrl,VISrl
2458,VISp,VISp
2459,VISli,VISli
2460,VISrl,VISrl
2461,CA3,CA3
2462,CA1,CA1
2463,APN,APN
2464,VISal,VISal
2465,grey,grey
2466,grey,grey
2467,VISpm,VISpm
2468,VISl,VISl
2469,CA1,CA1
2470,CA1,CA1
2471,VIS,SGN
2472,CA1,CA1
2473,VISp,VISp
2474,VISrl,VISrl
2475,DG,DG
2476,VISp,VISp
2477,DG,DG
2478,CA1,CA1
2479,DG,DG
2480,CA1,CA1
2481,VISrl,VISrl
2482,VISpm,VISpm
2483,DG,DG
2484,grey,grey
2485,CA1,CA1
2486,CA1,CA1
2487,ProS,ProS
2488,VISmma,VISmma
2489,APN,APN
2490,MGv,MGv
2491,grey,grey
2492,VISal,VISal
2493,VISrl,VISrl
2494,LGd,LGd
2495,VISpm,VISpm
2496,CA1,CA1
2497,LGd,LGd
2498,LGv,LGv
2499,VISp,VISp
2500,VISp,VISp
2501,VISl,VISl
2502,VIS,VIS
2503,grey,grey
2504,SUB,SUB
2505,CA1,CA1
2506,grey,grey
2507,VISp,VISp
2508,APN,APN
2509,CA1,CA1
2510,VISal,VISal
2511,VISam,VISam
2512,LGd,LGd
2513,VISpm,VISpm
2514,VISrl,VISrl
2515,CA1,CA1
2516,APN,APN
2517,grey,grey
2518,VISpm,VISpm
2519,DG,DG
2520,Eth,Eth
2521,CA3,CA3
2522,VISl,VISl
2523,VISam,VISam
2524,VISal,VISal
2525,VISrl,VISrl
2526,VISp,VISp
2527,LP,LP
2528,VIS,VIS
2529,VISrl,VISrl
2530,CA1,CA1
2531,VISl,VISl
2532,grey,grey
2533,grey,grey
2534,DG,DG
2535,VISp,VISp
2536,VIS,VIS
2537,APN,APN
2538,VISl,VISl
2539,VISp,VISp
2540,CA1,CA1
2541,VISal,VISal
2542,CA1,CA1
2543,VISpm,VISpm
2544,CA1,CA1
2545,CA3,CA3
2546,LGd,LGd
2547,grey,grey
2548,CA1,CA1
2549,grey,grey
2550,SGN,SGN
2551,APN,APN
2552,grey,grey
2553,VISp,VISp
2554,CA1,CA1
2555,MB,MB
2556,grey,grey
2557,VISp,VISp
2558,CA1,CA1
2559,VISl,VISl
2560,VISal,VISal
2561,VISp,VISp
2562,CA3,CA3
2563,POL,POL
2564,VISam,VISam
2565,VISam,VISam
2566,VIS,VIS
2567,CA1,CA1
2568,VIS,VIS
2569,VISp,VISp
2570,VISl,VISl
2571,APN,APN
2572,APN,APN
2573,grey,grey
2574,VIS,VIS
2575,VISam,VISam
2576,VISpm,VISpm
2577,VISp,VISp
2578,LGd,LGd
2579,VISp,VISp
2580,APN,APN
2581,LGd,LGd
2582,CA1,CA1
2583,VISl,VISl
2584,VISam,VISam
2585,grey,grey
2586,DG,DG
2587,MB,MB
2588,CA1,CA1
2589,TH,TH
2590,VISal,VISal
2591,grey,grey
2592,CA1,CA1
2593,SUB,SUB
2594,VIS,VIS
2595,DG,DG
2596,VISam,VISam
2597,VISp,VISp
2598,APN,APN
2599,VISam,VISam
2600,grey,grey
2601,grey,grey
2602,VISam,VISam
2603,VISam,VISam
2604,grey,grey
2605,CA1,CA1
2606,LP,LP
2607,APN,APN
2608,VISpm,VISpm
2609,VIS,VIS
2610,LP,PO
2611,VISal,VISal
2612,DG,DG
2613,LGd,LGd
2614,VISmma,VISmma
2615,VISam,VISam
2616,DG,DG
2617,DG,DG
2618,SGN,CA3
2619,VPM,VPM
2620,DG,DG
2621,CA1,CA1
2622,SGN,SGN
2623,VISpm,VISpm
2624,CA1,CA1
2625,VISam,VISam
2626,grey,grey
2627,DG,DG
2628,VISam,VISam
2629,VISpm,VISpm
2630,CA3,CA3
2631,CA1,CA1
2632,CA1,CA1
2633,VISpm,VISpm
2634,DG,DG
2635,grey,grey
2636,grey,grey
2637,VISp,VISp
2638,DG,DG
2639,SUB,SUB
2640,CA1,CA1
2641,CA1,CA1
2642,VISpm,VISpm
2643,VISrl,VISrl
2644,VISal,VISal
2645,CA1,CA1
2646,APN,APN
2647,DG,DG
2648,VISrl,VISrl
2649,VISp,VISp
2650,VISp,VISp
2651,CA1,CA1
2652,VISrl,VISrl
2653,APN,APN
2654,grey,grey
2655,VISal,VISal
2656,VISrl,VISrl
2657,VISp,VISp
2658,APN,MGd
2659,MGv,MGv
2660,CA1,CA1
2661,VISpm,VISpm
2662,VISrl,VISrl
2663,VISpm,VISpm
2664,DG,DG
2665,MGv,MGv
2666,VISpm,VISpm
2667,CA1,CA1
2668,grey,grey
2669,VIS,VIS
2670,VIS,VIS
2671,VISp,VISp
2672,CA1,CA1
2673,CA1,CA1
2674,CA1,CA1
2675,VISam,VISam
2676,VISal,VISal
2677,grey,grey
2678,CA1,CA1
2679,grey,grey
2680,SUB,SUB
2681,VIS,VIS
2682,VIS,VIS
2683,VISam,VISam
2684,grey,grey
2685,CA1,CA1
2686,SUB,SUB
2687,CA1,CA1
2688,CA1,CA1
2689,VISam,VISam
2690,DG,DG
2691,SUB,SUB
2692,VISal,VISal
2693,VISl,VISl
2694,VISrl,VISrl
2695,VISal,VISal
2696,APN,APN
2697,VISp,VISp
2698,VISam,VISam
2699,VISl,VISl
2700,grey,grey
2701,CA1,CA1
2702,VISrl,VISrl
2703,VISrl,VISrl
2704,CA1,CA1
2705,grey,grey
2706,Eth,Eth
2707,VISam,VISam
2708,grey,grey
2709,VISl,VISl
2710,grey,grey
2711,CA1,CA1
2712,VISrl,VISrl
2713,VISp,VISp
2714,CA1,CA1
2715,CA1,CA1
2716,CA1,CA1
2717,NOT,NOT
2718,VISp,VISp
2719,grey,grey
2720,TH,TH
2721,grey,grey
2722,grey,grey
2723,APN,APN
2724,VISp,VISp
2725,VISam,VISam
2726,VIS,VIS
2727,MGv,MGv
2728,CA3,CA3
2729,APN,APN
2730,VISl,VISl
2731,VIS,VIS
2732,CA1,CA1
2733,grey,grey
2734,APN,APN
2735,VISrl,VISrl
2736,VISp,VISp
2737,grey,grey
2738,DG,DG
2739,APN,APN
2740,grey,grey
2741,NOT,NOT
2742,CA1,CA1
2743,CA1,VISrl
2744,CA1,CA1
2745,MGd,MGd
2746,NOT,NOT
2747,LP,LP
2748,VISal,VISal
2749,CA1,CA1
2750,VISal,VISal
2751,CA1,CA1
2752,DG,DG
2753,LP,LP
2754,VIS,VIS
2755,grey,grey
2756,VISp,VISp
2757,grey,grey
2758,DG,DG
2759,VISam,VISam
2760,VISrl,VISrl
2761,PoT,VPM
2762,VISal,VISal
2763,VISal,VISal
2764,VISp,VISp
2765,CA1,CA1
2766,VISp,VISp
2767,CA3,CA3
2768,CA1,CA1
2769,DG,DG
2770,LGd,LGd
2771,APN,APN
2772,DG,DG
2773,VISrl,VISrl
2774,VISpm,VISpm
2775,CA1,CA1
2776,VISmma,VISmma
2777,CA1,CA1
2778,LP,LP
2779,grey,grey
2780,grey,grey
2781,LGd,LGd
2782,LGd,LGd
2783,LP,LP
2784,CA2,CA2
2785,LP,LP
2786,VISrl,VISrl
2787,VISal,VISal
2788,CA1,CA1
2789,CA3,CA3
2790,VISrl,VISrl
2791,CA1,CA1
2792,VISp,VISp
2793,LP,LP
2794,MGv,MGv
2795,VISam,VISam
2796,SUB,SUB
2797,SUB,SUB
2798,SUB,LP
2799,grey,grey
2800,VISrl,VISrl
2801,SUB,SUB
2802,CA1,CA1
2803,TH,TH
2804,VISal,VISal
2805,LP,LP
2806,CA1,CA1
2807,LP,LP
2808,VISli,VISli
2809,DG,DG
2810,CA1,CA1
2811,VISam,VISam
2812,CA1,CA1
2813,VISli,VISli
2814,CA2,LGd
2815,CA1,CA1
2816,APN,APN
2817,CA1,CA1
2818,POL,POL
2819,CA1,CA1
2820,CA3,CA3
2821,grey,grey
2822,LP,MGm
2823,grey,grey
2824,CA1,CA1
2825,VISal,VISal
2826,VISmma,VISmma
2827,APN,APN
2828,grey,grey
2829,TH,TH
2830,VISam,VISam
2831,grey,grey
2832,VISl,VISl
2833,VISam,VISam
2834,DG,DG
2835,grey,grey
2836,VISl,VISl
2837,PPT,PPT
2838,VISrl,VISrl
2839,VIS,VIS
2840,grey,grey
2841,VISp,VISp
2842,VISal,VISal
2843,VISrl,VISrl
2844,grey,grey
2845,VISrl,VISrl
2846,LGd,LGd
2847,grey,grey
2848,CA1,CA1
2849,VISpm,VISpm
2850,grey,grey
2851,VISrl,VISrl
2852,CA3,CA3
2853,CA1,CA1
2854,DG,DG
2855,VISp,VISp
2856,grey,grey
2857,VISam,VISam
2858,CA1,CA1
2859,VISp,VISp
2860,POL,POL
2861,VISpm,VISpm
2862,VISam,VISam
2863,VISam,VISam
2864,CA1,CA1
2865,CA3,CA3
2866,VISp,VISp
2867,DG,DG
2868,CA1,CA1
2869,CA1,CA1
2870,APN,VPM
2871,VISpm,VISpm
2872,VISam,VISam
2873,CA1,CA1
2874,DG,DG
2875,VISp,VISp
2876,grey,grey
2877,VISp,VISp
2878,APN,APN
2879,grey,grey
2880,VISp,VISp
2881,APN,APN
2882,VISam,VISam
2883,TH,TH
2884,SGN,SGN
2885,CA1,CA1
2886,CA1,CA1
2887,VISam,VISam
2888,VISam,VISam
2889,APN,APN
2890,VISp,VISp
2891,VISl,VISl
2892,CA1,CA1
2893,LP,LP
2894,ProS,ProS
2895,MB,MB
2896,VISl,VISl
2897,VISp,VISp
2898,CA1,CA1
2899,VISp,VISp
2900,LP,LP
2901,grey,grey
2902,LGd,LGd
2903,CA1,CA1
2904,LP,LP
2905,LP,LP
2906,grey,grey
2907,VISp,VISp
2908,grey,grey
2909,LGv,LGv
2910,CA1,CA1
2911,grey,grey
2912,CA3,CA3
2913,APN,APN
2914,grey,grey
2915,VISl,VISl
2916,VISal,VISal
2917,grey,grey
2918,CA1,CA1
2919,VISal,VISal
2920,CA3,CA3
2921,PO,PO
2922,grey,grey
2923,CA3,CA3
2924,VISl,VISl
2925,LGd,LGd
2926,VISrl,VISrl
2927,VISl,VISl
2928,CA1,CA1
2929,CA1,CA1
2930,CA1,CA1
2931,APN,APN
2932,VISp,VISp
2933,VIS,VIS
2934,VISal,VISal
2935,CA1,CA1
2936,APN,APN
2937,CA1,CA1
2938,VISl,VISl
2939,PO,PO
2940,MGv,MGv
2941,VIS,VIS
2942,CA1,CA1
2943,VISmma,VISmma
2944,VISrl,VISrl
2945,CA3,CA3
2946,VISam,VISam
2947,VISam,VISam
2948,VISmma,VISmma
2949,grey,grey
2950,grey,grey
2951,CA1,CA1
2952,VISal,VISal
2953,VISp,VISp
2954,grey,grey
2955,LP,LP
2956,CA1,CA1
2957,VISrl,VISrl
2958,VISp,VISp
2959,VISp,VISp
2960,VISpm,VISpm
2961,SUB,SUB
2962,VISp,VISp
2963,grey,grey
2964,LGd,LGd
2965,grey,grey
2966,VISrl,VISrl
2967,grey,grey
2968,CA1,CA1
2969,SUB,SUB
2970,SUB,SUB
2971,MGd,MGd
2972,CA3,CA3
2973,CA1,CA1
2974,CA1,CA1
2975,VISp,VISp
2976,APN,APN
2977,VISrl,VISrl
2978,NOT,NOT
2979,LGd,LGd
2980,VISp,VISp
2981,PIL,PIL
2982,grey,grey
2983,LP,LP
2984,LP,TH
2985,grey,grey
2986,DG,DG
2987,grey,grey
2988,DG,DG
2989,VISam,VISam
2990,CA1,CA1
2991,VISl,VISl
2992,MB,MB
2993,VISl,VISl
2994,ProS,ProS
2995,LP,LP
2996,LGd,LGd
2997,VISl,VISl
2998,grey,grey
2999,VISp,VISp
3000,VISal,VISal
3001,VISam,VISam
3002,grey,grey
3003,DG,DG
3004,CA1,CA1
3005,APN,APN
3006,APN,APN
3007,grey,grey
3008,VISp,VISp
3009,grey,grey
3010,VIS,VIS
3011,CA1,CA1
3012,DG,DG
3013,VISrl,VISrl
3014,grey,grey
3015,VIS,VIS
3016,VISp,VISp
3017,VISam,VISam
3018,grey,grey
3019,grey,grey
3020,VISl,VISl
3021,LP,LP
3022,VISp,VISp
3023,LGd,LGd
3024,VISmma,VISmma
3025,VISal,VISal
3026,DG,DG
3027,VISal,VISal
3028,VIS,VIS
3029,CA1,CA1
3030,MB,MB
3031,DG,DG
3032,VIS,VIS
3033,CA1,CA1
3034,CA1,CA1
3035,CA1,CA1
3036,CA1,CA1
3037,VISal,VISal
3038,VISam,VISam
3039,ProS,ProS
3040,VISp,VISp
3041,CA1,CA1
3042,CA1,CA1
3043,grey,grey
3044,grey,grey
3045,ProS,PIL
3046,CA1,CA1
3047,CA1,CA1
3048,VISam,VISam
3049,MGv,MGv
3050,LP,LP
3051,LGd,LGd
3052,VISal,VISal
3053,CA1,CA1
3054,VIS,VIS
3055,ProS,ProS
3056,PO,PO
3057,VISli,VISli
3058,VISl,VISl
3059,ProS,ProS
3060,VISpm,VISpm
3061,VISp,VISp
3062,LGd,LGd
3063,CA1,CA1
3064,PPT,PPT
3065,LP,LP
3066,CA1,CA1
3067,CA1,CA1
3068,grey,grey
3069,VISp,VISp
3070,CA1,CA1
3071,grey,grey
3072,SUB,SUB
3073,VISp,VISp
3074,grey,grey
3075,APN,APN
3076,CA3,CA3
3077,APN,APN
3078,VISp,VISp
3079,APN,VPM
3080,VISp,VISp
3081,DG,DG
3082,VISal,VISal
3083,VISrl,VISrl
3084,grey,grey
3085,DG,DG
3086,LP,LP
3087,CA1,CA1
3088,DG,DG
3089,VISam,VISam
3090,APN,APN
3091,VISal,VISal
3092,DG,DG
3093,VISp,VISp
3094,SUB,SUB
3095,VISam,VISam
3096,VISrl,VISrl
3097,VIS,VIS
3098,VISp,VISp
3099,grey,grey
3100,CA3,CA3
3101,CA1,CA1
3102,CA1,CA1
3103,VISl,VISl
3104,APN,APN
3105,VISp,VISp
3106,CA1,CA1
3107,CA3,APN
3108,Eth,Eth
3109,LP,LP
3110,CA3,CA3
3111,CA1,CA1
3112,CA3,CA3
3113,DG,DG
3114,VISp,VISp
3115,APN,APN
3116,VISp,VISp
3117,PPT,PPT
3118,VISal,VISal
3119,CA1,CA1
3120,DG,DG
3121,ProS,ProS
3122,ProS,ProS
3123,MGm,MGm
3124,grey,grey
3125,VISp,VISp
3126,VISam,VISam
3127,CA1,CA1
3128,VISl,VISl
3129,CA1,CA1
3130,VISp,VISp
3131,CA1,CA1
3132,VISrl,VISrl
3133,DG,DG
3134,VISal,VISal
3135,CA1,CA1
3136,ProS,ProS
3137,VISam,VISam
3138,CA3,CA3
3139,DG,DG
3140,MB,MB
3141,TH,TH
3142,VISam,VISam
3143,LP,LP
3144,VISp,VISp
3145,MB,MB
3146,grey,grey
3147,grey,grey
3148,Eth,Eth
3149,VISam,VISam
3150,CA1,CA1
3151,VISli,VISli
3152,grey,grey
3153,ProS,ProS
3154,VISp,VISp
3155,VISmma,VISmma
3156,grey,grey
3157,CA1,CA1
3158,VISam,VISam
3159,VIS,VIS
3160,VISal,VISal
3161,CA3,CA3
3162,VISli,VISli
3163,CA3,CA3
3164,VIS,VIS
3165,grey,grey
3166,APN,APN
3167,grey,grey
3168,SUB,SUB
3169,grey,grey
3170,VIS,VIS
3171,LP,LP
3172,LP,LP
3173,VISpm,VISpm
3174,LP,LP
3175,VISl,VISl
3176,VISl,VISl
3177,VISal,VISal
3178,VISrl,VISrl
3179,APN,APN
3180,VISrl,VISrl
3181,APN,APN
3182,APN,APN
3183,VISpm,VISpm
3184,MB,MB
3185,CA1,CA1
3186,LGd,LGd
3187,grey,grey
3188,grey,grey
3189,VISrl,VISrl
3190,grey,grey
3191,PO,PO
3192,CA1,MB
3193,VISl,VISl
3194,VISam,VISam
3195,DG,DG
3196,VISl,VISl
3197,MGd,MGd
3198,VISp,VISp
3199,CA1,CA1
3200,CA1,CA1
3201,VISp,VISp
3202,LGv,LGv
3203,CA1,CA1
3204,CA3,CA3
3205,VISp,VISp
3206,VISpm,VISpm
3207,CA1,CA1
3208,VIS,VIS
3209,VISrl,VISrl
3210,VISam,VISam
3211,grey,grey
3212,CA1,CA1
3213,VISam,VISam
3214,ProS,ProS
3215,grey,grey
3216,CA1,CA1
3217,APN,APN
3218,VPM,VPM
3219,VISp,VISp
3220,CA1,CA1
3221,DG,DG
3222,grey,grey
3223,DG,DG
3224,APN,APN
3225,LGd,LGd
3226,VISpm,VISpm
3227,VISal,VISal
3228,SUB,SUB
3229,grey,grey
3230,APN,APN
3231,VISp,VISp
3232,CA1,CA1
3233,grey,grey
3234,VIS,VIS
3235,VISp,VISp
3236,POL,POL
3237,DG,DG
3238,NOT,NOT
3239,VISl,VISl
3240,VISl,VISl
3241,grey,grey
3242,CA1,CA1
3243,grey,grey
3244,DG,DG
3245,CA3,CA3
3246,VISpm,VISpm
3247,LGd,LGd
3248,VISp,VISp
3249,SCig,SCig
3250,VISam,VISam
3251,LP,LP
3252,SUB,SUB
3253,VISl,VISl
3254,MGm,MGm
3255,grey,grey
3256,VISp,VISp
3257,VISal,VISal
3258,ProS,ProS
3259,APN,APN
3260,VISrl,VISrl
3261,VISpm,VISpm
3262,CA1,CA1
3263,CA1,CA1
3264,grey,grey
3265,VISal,VISal
3266,grey,grey
3267,VISp,VISp
3268,VISpm,VISpm
3269,LGd,LGd
3270,CA1,CA1
3271,LP,LP
3272,POL,POL
3273,CA1,CA1
3274,CA1,CA1
3275,grey,grey
3276,VISmma,VISmma
3277,LP,LP
3278,VISrl,VISrl
3279,DG,DG
3280,CA3,grey
3281,VISrl,VISrl
3282,CA1,CA1
3283,LGd,LGd
3284,APN,APN
3285,VISam,VISam
3286,CA1,CA1
3287,VIS,VIS
3288,ProS,ProS
3289,DG,DG
3290,APN,APN
3291,VISrl,VISrl
3292,LGd,LGd
3293,PPT,PPT
3294,grey,grey
3295,grey,grey
3296,VISrl,VISrl
3297,CA1,CA1
3298,VIS,VIS
3299,VISpm,VISpm
3300,grey,grey
3301,APN,CA3
3302,VISam,VISam
3303,grey,grey
3304,grey,grey
3305,VISrl,VISrl
3306,VISrl,VISrl
3307,VISp,VISp
3308,VIS,VIS
3309,VISam,VISam
3310,VISpm,VISpm
3311,VISp,VISp
3312,SUB,SUB
